number,name,act,act_v16,n_components,driving_label,driving,area_km2,mean_guarded_F,min_guarded_F,pct_core habitat,pct_connectivity,pct_biodiversity,pct_carbon,pct_representativeness,pct_intactness,efg_classes_present,driver_m_soc theta-tail,driver_connectivity spike (top 0.2%),driver_refugia densest (area-matched to the m_soc tail),driver_rare-attainable EFG footprint,driver_rarest-EFG footprint (<= 1% of PU each),pct_adequacy_forced,pct_forced_any_formulation,adequacy_pin,adequacy_pin_class,mean_lat,pct_within_5km_of_PA,pct_in_proposed_IPCA,n_formulations_frequent
1,Purcell Wilderness Conservancy Park vicinity (50.1°N 116.4°W),Act 1,Act 2 core,2,all formulations,all formulations,5649.0,0.8276805281639099,0.22549019753932953,0.9836764931678772,0.361309677362442,0.7826876044273376,0.5776882171630859,0.8243985176086426,0.4609125256538391,14,2.1596742786333865,0.3009382191538325,90.97185342538502,100.0,1.0798371393166932,,,False,,50.050048828125,24.2520800141618,13.064259160913435,11
2,SW of Tahltan - Sacred Headwaters (Klappan) (56.7°N 129.3°W),Act 1,Act 2 core,3,all formulations,all formulations,1998.0,0.7486547231674194,0.10457516461610794,0.9850296974182129,0.5755718946456909,0.20388151705265045,0.6887702941894531,0.7330721616744995,0.8910307884216309,8,1.001001001001001,0.0,91.3913913913914,99.7997997997998,4.2042042042042045,,,False,,56.775699615478516,0.7007007007007007,3.6036036036036037,8
3,NW of Frank Church River Of No Return Wilderness (45.3°N 115.7°W),Act 1,Act 2 core,3,all formulations,all formulations,1656.0,0.8832261562347412,0.38071897625923157,0.9929574131965637,0.3560852110385895,0.8546254634857178,0.40122517943382263,0.751366138458252,0.4012128710746765,10,0.0,0.36231884057971014,96.31642512077295,100.0,0.0,,,False,,45.35620880126953,50.1207729468599,0.0,12
4,S of Mount Robson Park (52.6°N 118.6°W),Act 1,Act 2 core,3,all formulations,all formulations,1054.0,0.7830208539962769,0.3692810535430908,0.980816662311554,0.45429757237434387,0.5787332653999329,0.6909160614013672,0.9687266945838928,0.7025467157363892,14,5.692599620493358,0.6641366223908919,87.09677419354838,100.0,3.320683111954459,,,False,,52.3957405090332,35.57874762808349,0.0,9
5,W of Mount Edziza Park (57.6°N 131.1°W),Act 1,Act 2 core,3,all formulations,all formulations,772.0,0.8323872685432434,0.3251633942127228,0.9756048917770386,0.562983512878418,0.26305022835731506,0.7709296941757202,0.784864068031311,0.707674503326416,9,23.44559585492228,0.0,81.60621761658031,100.0,3.3678756476683938,,,False,,57.53395080566406,20.854922279792746,0.0,10
6,NE of Eagle Cap Wilderness (45.4°N 117.2°W),Act 1,Act 2 core,1,all formulations,all formulations,532.0,0.7865558862686157,0.39215683937072754,0.9738805294036865,0.3108288049697876,0.7626389861106873,0.3747629225254059,0.903610110282898,0.18934909999370575,14,0.0,0.7518796992481203,71.42857142857143,100.0,0.0,,,False,,45.37220001220703,39.473684210526315,0.0,9
,S of Swan Lake Kispiox River Park (55.4°N 128.0°W),Act 1,Act 2 core,1,all formulations,all formulations,508.0,0.753933846950531,0.47385621070861816,0.9843232035636902,0.6185610294342041,0.5952620506286621,0.44432663917541504,0.7317662239074707,0.5447952151298523,8,0.0,0.0,96.06299212598425,100.0,0.0,,,False,,55.4332160949707,0.0,0.0,8
,NE of Jasper National Park Of Canada (53.4°N 116.8°W),Act 1,Act 2 core,1,all formulations,all formulations,412.0,0.8533496856689453,0.12418300658464432,0.6836084723472595,0.2653596103191376,0.763936460018158,0.5097651481628418,0.6817929148674011,0.09345319122076035,8,0.0,0.0,0.0,100.0,99.27184466019418,,,False,,53.39350128173828,0.0,0.0,10
,E of Frank Church River Of No Return Wilderness (45.1°N 114.4°W),Act 1,Act 2 core,2,all formulations,all formulations,372.0,0.793674111366272,0.33169934153556824,0.9907920360565186,0.14637887477874756,0.8610467314720154,0.3578319847583771,0.7446674704551697,0.3960229754447937,11,0.0,0.0,93.54838709677419,100.0,0.0,,,False,,45.136741638183594,41.66666666666667,0.0,6
,N of Granby Park (50.7°N 119.5°W),Act 1,Act 2 core,2,all formulations,all formulations,350.0,0.8684641122817993,0.5424836277961731,0.9810494780540466,0.3124163746833801,0.919042706489563,0.5186743140220642,0.6536586880683899,0.10556262731552124,10,0.0,0.0,81.14285714285714,62.57142857142857,4.285714285714286,,,False,,50.826072692871094,0.0,0.0,10
,NE of Swan Lake Kispiox River Park (56.2°N 128.3°W),Act 1,Act 2 core,1,all formulations,all formulations,292.0,0.7760822176933289,0.4591503441333771,0.9818976521492004,0.7827836871147156,0.29876908659935,0.7329392433166504,0.7418892979621887,0.8228878974914551,8,0.0,0.0,96.23287671232876,100.0,1.7123287671232876,,,False,,56.180850982666016,0.0,0.0,8
,NE of Frank Church River Of No Return Wilderness (45.7°N 114.4°W),Act 1,Act 2 core,1,all formulations,all formulations,259.0,0.7719231843948364,0.5571895837783813,0.9872204661369324,0.42341578006744385,0.9291835427284241,0.3485551178455353,0.8434372544288635,0.49723315238952637,9,0.0,0.0,98.06949806949807,100.0,0.0,,,False,,45.69499588012695,62.93436293436293,0.0,7
,SW of Valhalla Park (49.6°N 117.9°W),Act 1,Act 2 core,1,all formulations,all formulations,219.0,0.8102113008499146,0.27450981736183167,0.9645971655845642,0.32377928495407104,0.8777885437011719,0.6758938431739807,0.8374935388565063,0.3915894329547882,9,4.5662100456621,0.0,72.6027397260274,100.0,0.0,,,False,,49.55075454711914,0.0,0.0,9
,E of Sawtooth Wilderness (44.0°N 114.8°W),Act 1,Act 2 core,1,all formulations,all formulations,196.0,0.7620382308959961,0.6290850043296814,0.9920039176940918,0.060793399810791016,0.6488103270530701,0.35216742753982544,0.8276921510696411,0.29936832189559937,10,0.0,0.0,99.48979591836735,100.0,0.0,,,False,,43.988922119140625,41.3265306122449,0.0,6
,SW of Frank Church River Of No Return Wilderness (44.5°N 116.0°W),Act 1,Act 2 core,1,all formulations,all formulations,156.0,0.7832977175712585,0.6683006882667542,0.9813032150268555,0.23936332762241364,0.6790148615837097,0.3874798119068146,0.955926239490509,0.12599648535251617,12,0.0,0.0,85.8974358974359,100.0,0.0,,,False,,44.53720474243164,0.0,0.0,9
,S of Wells Gray Park (51.4°N 120.0°W),Act 1,Act 2 core,1,all formulations,all formulations,114.0,0.7428763508796692,0.6062090992927551,0.9837247729301453,0.35810720920562744,0.8986571431159973,0.5053235292434692,0.7330382466316223,0.20739994943141937,7,0.0,0.0,92.98245614035088,100.0,0.0,,,False,,51.36143493652344,57.01754385964912,0.0,7
,SW of Gros Ventre Wilderness (42.3°N 111.2°W),Act 1,Act 2 core,1,all formulations,all formulations,106.0,0.7595418691635132,0.5506536364555359,0.9561269283294678,0.5218698978424072,0.5272078514099121,0.16957491636276245,0.7479609251022339,0.1988469958305359,14,0.0,17.92452830188679,0.0,100.0,100.0,,,False,,42.32793426513672,0.0,0.0,9
,SE of Washakie Wilderness (44.0°N 109.3°W),Act 1,Act 2 core,1,all formulations,all formulations,101.0,0.7982107400894165,0.5735294222831726,0.9852508902549744,0.012553821317851543,0.36182335019111633,0.492360383272171,0.9189844131469727,0.4399052560329437,9,0.0,0.0,93.06930693069307,100.0,0.0,,,False,,43.991912841796875,89.10891089108911,0.0,9
245-1,S of Purcell Wilderness Conservancy Park (49.5°N 116.3°W),Act 1 (245),Act 2 core (SSP245),5,all formulations,all formulations,6497.0,0.7743498682975769,0.10457516461610794,0.9440715312957764,0.36589550971984863,0.7828942537307739,0.5756829380989075,0.8276453614234924,0.44933775067329407,14,2.2164075727258736,0.3847929813760197,70.15545636447591,100.0,1.1851623826381406,,,False,,50.0833854675293,23.28767123287671,12.836693858704018,9
245-2,NE of Gospel Hump Wilderness (45.7°N 115.4°W),Act 1 (245),Act 2 core (SSP245),2,all formulations,all formulations,3237.0,0.7313936352729797,0.16830067336559296,0.8364198803901672,0.41204753518104553,0.8804495334625244,0.3788597583770752,0.7652511596679688,0.35588812828063965,11,0.0,0.3089280197713933,53.691689836268154,100.0,0.0,,,False,,45.54709243774414,40.99474822366388,0.0,6
245-3,SW of Tahltan - Sacred Headwaters (Klappan) (56.7°N 129.3°W),Act 1 (245),Act 2 core (SSP245),5,all formulations,all formulations,2840.0,0.7179490923881531,0.10457516461610794,0.9767385721206665,0.5842185616493225,0.2564452588558197,0.6664329171180725,0.7072561979293823,0.871509850025177,8,0.7042253521126761,0.0,80.07042253521128,96.09154929577464,2.6056338028169015,,,False,,56.678916931152344,0.49295774647887325,2.8169014084507045,7
245-4,NE of Eagle Cap Wilderness (45.6°N 117.1°W),Act 1 (245),Act 2 core (SSP245),4,all formulations,all formulations,2430.0,0.5766017436981201,0.0833333358168602,0.5405092835426331,0.3000555634498596,0.7381302714347839,0.3200393319129944,0.841227114200592,0.1864110678434372,19,0.0,0.1646090534979424,20.123456790123456,100.0,0.3292181069958848,,,False,,45.73269271850586,9.876543209876543,0.0,6
245-5,S of Mount Robson Park (52.5°N 118.6°W),Act 1 (245),Act 2 core (SSP245),6,all formulations,all formulations,2417.0,0.6793011426925659,0.14052288234233856,0.8968591094017029,0.4766005873680115,0.582819402217865,0.6893715858459473,0.9684860706329346,0.6671928763389587,15,5.668183698800165,4.30285477865122,46.8349193214729,99.91725279271824,3.061646669424907,,,False,,52.32762145996094,19.28009929664874,0.0,5
245-6,S of Granby Park (49.5°N 118.4°W),Act 1 (245),Act 2 core (SSP245),5,all formulations,all formulations,1795.0,0.6076529026031494,0.15522876381874084,0.8601301312446594,0.3632255792617798,0.9542182087898254,0.5409083366394043,0.8058599829673767,0.1856715828180313,10,0.5571030640668524,0.0,23.119777158774372,99.49860724233983,0.0,,,False,,49.6100959777832,10.083565459610028,0.0,4
,S of Wells Gray Park (51.2°N 119.8°W),Act 1 (245),Act 2 core (SSP245),9,all formulations,all formulations,1671.0,0.6722140312194824,0.1993464231491089,0.9270802736282349,0.3397182524204254,0.9035848379135132,0.5156558752059937,0.6563587784767151,0.14150264859199524,11,0.0,0.0,40.45481747456613,63.73429084380611,2.9922202274087373,,,False,,51.24769592285156,25.61340514661879,0.0,5
,SW of Mount Edziza Park (57.5°N 131.0°W),Act 1 (245),Act 2 core (SSP245),2,all formulations,all formulations,1030.0,0.7471556067466736,0.21568627655506134,0.9351035952568054,0.56386399269104,0.3269253373146057,0.7184475660324097,0.770612359046936,0.6361576914787292,9,17.475728155339805,0.0,57.4757281553398,100.0,2.524271844660194,,,False,,57.60514450073242,15.53398058252427,0.0,7
,SE of Purcell Wilderness Conservancy Park (49.8°N 115.4°W),Act 1 (245),Act 2 core (SSP245),4,all formulations,all formulations,979.0,0.6378107070922852,0.30718955397605896,0.9466061592102051,0.4051443040370941,0.7033388614654541,0.6718794107437134,0.842413604259491,0.3748549222946167,13,6.332992849846783,0.0,26.046986721144023,100.0,0.10214504596527069,,,False,,49.784210205078125,25.638406537282943,0.0,5
,NE of Frank Church River Of No Return Wilderness (45.7°N 114.4°W),Act 1 (245),Act 2 core (SSP245),3,all formulations,all formulations,698.0,0.755452036857605,0.33169934153556824,0.9833823442459106,0.30829837918281555,0.8677119612693787,0.3750097155570984,0.7818187475204468,0.4460732936859131,12,0.0,0.0,89.97134670487105,100.0,0.0,,,False,,45.415916442871094,54.87106017191977,0.0,6
,NW of Eagle Cap Wilderness (45.5°N 118.1°W),Act 1 (245),Act 2 core (SSP245),2,all formulations,all formulations,573.0,0.5626760721206665,0.2222222238779068,0.686942458152771,0.37836939096450806,0.9042679071426392,0.3000721037387848,0.7544018030166626,0.20933204889297485,12,0.0,0.17452006980802792,19.3717277486911,100.0,0.0,,,False,,45.356510162353516,0.17452006980802792,0.0,4
,SW of Frank Church River Of No Return Wilderness (44.5°N 116.0°W),Act 1 (245),Act 2 core (SSP245),1,all formulations,all formulations,485.0,0.641078770160675,0.32679739594459534,0.9149396419525146,0.24213263392448425,0.6753469109535217,0.4012971520423889,0.9490278959274292,0.12637418508529663,12,0.0,0.0,28.45360824742268,100.0,0.0,,,False,,44.54576873779297,0.0,0.0,6
,S of Swan Lake Kispiox River Park (55.4°N 128.0°W),Act 1 (245),Act 2 core (SSP245),1,all formulations,all formulations,462.0,0.7352057099342346,0.4150327146053314,0.9667832851409912,0.5756087303161621,0.5965986251831055,0.4613485634326935,0.7291485071182251,0.5299893617630005,8,0.0,0.0,83.76623376623377,100.0,0.0,,,False,,55.3935661315918,0.0,0.0,7
,NE of Jasper National Park Of Canada (53.4°N 116.8°W),Act 1 (245),Act 2 core (SSP245),1,all formulations,all formulations,412.0,0.8533496856689453,0.12418300658464432,0.6836084723472595,0.2653596103191376,0.763936460018158,0.5097651481628418,0.6817929148674011,0.09345319122076035,8,0.0,0.0,0.0,100.0,99.27184466019418,,,False,,53.39350128173828,0.0,0.0,10
,SE of Cabinet Mountains Wilderness (47.9°N 114.9°W),Act 1 (245),Act 2 core (SSP245),1,all formulations,all formulations,338.0,0.6259620189666748,0.29738563299179077,0.9476581811904907,0.3001493811607361,0.886871874332428,0.44368821382522583,0.8472253680229187,0.37198877334594727,9,0.0,0.0,18.04733727810651,100.0,0.0,,,False,,47.85844039916992,0.0,0.0,3
,S of Anaconda Pintler Wilderness (45.5°N 113.6°W),Act 1 (245),Act 2 core (SSP245),1,all formulations,all formulations,310.0,0.643864631652832,0.47875818610191345,0.9194594025611877,0.28350117802619934,0.6305236220359802,0.2750282883644104,0.9597760438919067,0.20521825551986694,16,0.0,0.0,14.516129032258066,100.0,0.0,,,False,,45.483001708984375,0.0,0.0,6
,NE of North Absaroka Wilderness (44.9°N 109.6°W),Act 1 (245),Act 2 core (SSP245),1,all formulations,all formulations,223.0,0.5226486921310425,0.31209149956703186,0.7356991767883301,0.040626417845487595,0.6909790635108948,0.3662371337413788,0.9818419218063354,0.32430729269981384,15,0.0,0.0,8.968609865470851,100.0,0.0,,,False,,44.87848663330078,63.67713004484305,0.0,4
,SW of Gros Ventre Wilderness (42.4°N 111.2°W),Act 1 (245),Act 2 core (SSP245),1,all formulations,all formulations,194.0,0.7161663770675659,0.5506536364555359,0.9503999948501587,0.5135930776596069,0.5635450482368469,0.2247774749994278,0.7201929688453674,0.2086409330368042,14,0.0,17.525773195876287,0.0,100.0,100.0,,,False,,42.36374282836914,0.0,0.0,7
,SE of Sawtooth Wilderness (43.9°N 114.8°W),Act 1 (245),Act 2 core (SSP245),1,all formulations,all formulations,176.0,0.7366403341293335,0.41013073921203613,0.9849128723144531,0.0536450520157814,0.6763086915016174,0.3346090018749237,0.786163330078125,0.298005074262619,10,0.0,0.0,87.5,100.0,0.0,,,False,,43.91914749145508,40.340909090909086,0.0,6
,SE of Washakie Wilderness (44.0°N 109.3°W),Act 1 (245),Act 2 core (SSP245),1,all formulations,all formulations,168.0,0.7076622843742371,0.34477126598358154,0.9751616716384888,0.013586081564426422,0.3915760815143585,0.48440515995025635,0.9224121570587158,0.4541917145252228,10,0.0,0.0,64.88095238095238,100.0,0.0,,,False,,43.96424865722656,83.33333333333334,0.0,7
,S of Graham Laurier Park (56.3°N 123.5°W),Act 1 (245),Act 2 core (SSP245),1,all formulations,all formulations,135.0,0.5273299217224121,0.2401961088180542,0.8412718176841736,0.571256160736084,0.3492632210254669,0.7384430170059204,0.7217758297920227,0.845156192779541,7,1.4814814814814816,0.0,3.7037037037037033,99.25925925925925,0.0,,,False,,56.30006408691406,0.0,0.0,4
,S of Hells Canyon Wilderness (44.8°N 116.7°W),Act 1 (245),Act 2 core (SSP245),1,all formulations,all formulations,101.0,0.5881544351577759,0.21405230462551117,0.8963156938552856,0.08269192278385162,0.8830381631851196,0.322952002286911,0.8508167862892151,0.3292374908924103,9,0.0,0.0,4.9504950495049505,100.0,0.0,,,False,,44.78456115722656,35.64356435643564,0.0,5
585-1,Qat'Muk vicinity (50.4°N 116.4°W),Act 1 (585),Act 2 core (SSP585),5,all formulations,all formulations,5838.0,0.8064632415771484,0.20261438190937042,0.9896548986434937,0.37922701239585876,0.7948306798934937,0.5656585097312927,0.829645574092865,0.4193161725997925,15,1.8156903048989381,0.5823912298732443,96.30010277492292,100.0,0.6851661527920521,,,False,,50.12030029296875,23.723878040424804,11.219595751969853,9
585-2,SW of Tahltan - Sacred Headwaters (Klappan) (56.8°N 129.4°W),Act 1 (585),Act 2 core (SSP585),10,all formulations,all formulations,4521.0,0.7329398393630981,0.25653597712516785,0.9857040643692017,0.6262973546981812,0.29900145530700684,0.6526853442192078,0.7175272107124329,0.8057379126548767,10,4.71134704711347,0.0,94.9347489493475,94.07210794072108,2.78699402786994,,,False,,56.57144546508789,7.0559610705596105,5.13160805131608,7
585-3,NW of Frank Church River Of No Return Wilderness (45.3°N 115.7°W),Act 1 (585),Act 2 core (SSP585),3,all formulations,all formulations,1544.0,0.890620231628418,0.5506536364555359,0.9955873489379883,0.33587485551834106,0.856822669506073,0.39870622754096985,0.74961918592453,0.40625473856925964,10,0.0,0.2590673575129534,99.48186528497409,100.0,0.0,,,False,,45.3441047668457,51.619170984455955,0.0,12
585-4,SE of T’akú Tlatsini (Taku River Tlingit) (58.4°N 131.4°W),Act 1 (585),Act 2 core (SSP585),1,all formulations,all formulations,702.0,0.6597443222999573,0.5130718350410461,0.9881716966629028,0.6157950758934021,0.16952934861183167,0.7240880727767944,0.7534974217414856,0.6048520803451538,7,21.65242165242165,0.0,99.85754985754986,100.0,0.0,,,False,,58.367244720458984,0.0,38.46153846153847,5
585-5,S of Mount Robson Park (52.6°N 118.7°W),Act 1 (585),Act 2 core (SSP585),1,all formulations,all formulations,543.0,0.7812504768371582,0.4771241247653961,0.9853156208992004,0.5468025207519531,0.5822153091430664,0.6518054604530334,0.9446048140525818,0.7119489908218384,12,0.9208103130755065,0.5524861878453038,94.84346224677716,100.0,1.4732965009208103,,,False,,52.643314361572266,53.22283609576427,0.0,9
585-6,NE of Sawtooth Wilderness (44.1°N 114.9°W),Act 1 (585),Act 2 core (SSP585),1,all formulations,all formulations,452.0,0.6974160671234131,0.5032680034637451,0.9923421144485474,0.13432452082633972,0.6486949920654297,0.35240328311920166,0.8646474480628967,0.29841673374176025,11,0.0,0.0,100.0,100.0,0.0,,,False,,44.1180534362793,51.54867256637168,0.0,6
,E of Frank Church River Of No Return Wilderness (45.1°N 114.4°W),Act 1 (585),Act 2 core (SSP585),2,all formulations,all formulations,415.0,0.775564968585968,0.4950980246067047,0.9935451149940491,0.11942441761493683,0.8535076975822449,0.3516327142715454,0.7364544868469238,0.40419086813926697,11,0.0,0.0,98.79518072289156,100.0,0.0,,,False,,45.11811828613281,43.855421686746986,0.0,7
,NE of Jasper National Park Of Canada (53.4°N 116.8°W),Act 1 (585),Act 2 core (SSP585),1,all formulations,all formulations,412.0,0.8533496856689453,0.12418300658464432,0.6836084723472595,0.2653596103191376,0.763936460018158,0.5097651481628418,0.6817929148674011,0.09345319122076035,8,0.0,0.0,0.0,100.0,99.27184466019418,,,False,,53.39350128173828,0.0,0.0,10
,S of Jasper National Park Of Canada (52.1°N 117.5°W),Act 1 (585),Act 2 core (SSP585),2,all formulations,all formulations,255.0,0.8190696239471436,0.42973852157592773,0.9877333045005798,0.2973482608795166,0.5085319876670837,0.7522522211074829,0.9723453521728516,0.7800053954124451,13,13.333333333333334,0.0,95.29411764705881,100.0,5.88235294117647,,,False,,52.02244567871094,25.882352941176475,0.0,9
,N of Eagle Cap Wilderness (45.4°N 117.4°W),Act 1 (585),Act 2 core (SSP585),1,all formulations,all formulations,217.0,0.8040796518325806,0.4166666567325592,0.9910308122634888,0.27535325288772583,0.8315317034721375,0.39349260926246643,0.9354709386825562,0.1275300830602646,13,0.0,1.3824884792626728,99.07834101382488,100.0,0.0,,,False,,45.4210205078125,58.06451612903226,0.0,8
,NE of Frank Church River Of No Return Wilderness (45.7°N 114.4°W),Act 1 (585),Act 2 core (SSP585),1,all formulations,all formulations,203.0,0.7843862175941467,0.6601307392120361,0.9888670444488525,0.42175179719924927,0.9259648323059082,0.3470621407032013,0.8391898274421692,0.4827856123447418,8,0.0,0.0,100.0,100.0,0.0,,,False,,45.68685531616211,63.05418719211823,0.0,9
,SW of Valhalla Park (49.6°N 117.9°W),Act 1 (585),Act 2 core (SSP585),1,all formulations,all formulations,141.0,0.8850994110107422,0.48202618956565857,0.984966516494751,0.3472766876220703,0.837834894657135,0.7027143239974976,0.8378527760505676,0.4365042746067047,8,7.092198581560284,0.0,90.78014184397163,100.0,0.0,,,False,,49.55068588256836,0.0,0.0,11
,NW of Anaconda Pintler Wilderness (46.1°N 113.8°W),Act 1 (585),Act 2 core (SSP585),1,all formulations,all formulations,114.0,0.6249569654464722,0.4901961386203766,0.9850473999977112,0.5334572196006775,0.8839777112007141,0.37227192521095276,0.7445673942565918,0.36878958344459534,7,0.0,5.263157894736842,99.12280701754386,100.0,0.0,,,False,,46.08903121948242,19.298245614035086,0.0,4
,N of Granby Park (50.6°N 119.5°W),Act 1 (585),Act 2 core (SSP585),1,all formulations,all formulations,111.0,0.9443561434745789,0.8366013169288635,0.9942991733551025,0.3816337585449219,0.9259016513824463,0.47559258341789246,0.6932776570320129,0.10145286470651627,10,0.0,0.0,100.0,100.0,6.306306306306306,,,False,,50.64605712890625,0.0,0.0,12
,S of Wells Gray Park (51.0°N 119.6°W),Act 1 (585),Act 2 core (SSP585),1,all formulations,all formulations,106.0,0.8952399492263794,0.5490196347236633,0.9881619811058044,0.23429787158966064,0.9079127311706543,0.5647772550582886,0.5695801973342896,0.1258586198091507,6,0.0,0.0,93.39622641509435,7.547169811320755,0.9433962264150944,,,False,,51.04705047607422,0.0,0.0,10
7,S of Tahltan - Sacred Headwaters (Klappan) (56.9°N 129.1°W),Act 2,Act 3 scenario,11,Core-habitat-forward,s1,10699.0,0.5690871477127075,0.10457516461610794,0.9672195911407471,0.6484630107879639,0.32371217012405396,0.6214832067489624,0.6657094955444336,0.8014181852340698,10,1.0935601458080195,0.01869333582577811,69.86634264884569,90.7841854378914,0.009346667912889055,,,False,,56.96648025512695,5.953827460510328,19.76820263576035,2
8,Purcell Wilderness Conservancy Park vicinity (50.3°N 116.5°W),Act 2,Act 3 scenario,11,Core-habitat-forward,s1,8173.0,0.5789480209350586,0.1617647111415863,0.9440656304359436,0.39826977252960205,0.718793511390686,0.6150878071784973,0.8945338726043701,0.4156675934791565,18,2.728496268200171,0.4160039153309678,43.26440719442065,100.0,0.3670622782332069,,,False,,50.611351013183594,20.518781353236264,5.4814633549492235,2
,Boulders-White Clouds vicinity (44.2°N 114.7°W),Act 2,Act 3 scenario,8,Core-habitat-forward,s1,5706.0,0.5398207902908325,0.2549019753932953,0.9690282940864563,0.20806600153446198,0.7749103903770447,0.343741238117218,0.7922936677932739,0.3792552053928375,19,0.0,0.3505082369435682,71.80161233788994,100.0,0.0,,,False,,45.075172424316406,27.041710480196286,0.0,2
13,E of Fishing Branch Wilderness Preserve (66.6°N 134.1°W),Act 2,Act 3 scenario,1,Carbon-forward,s4,4423.0,0.3342306911945343,0.019607843831181526,0.02088150568306446,0.7510614395141602,0.03291020914912224,0.799431562423706,0.5214237570762634,0.6349680423736572,5,98.41736378023965,0.31652724395206877,0.0,92.96857336649333,0.0,,,False,,66.6039810180664,0.0,0.0,2
14,E of Nahanni National Park Reserve Of Canada (61.5°N 121.9°W),Act 2,Act 3 scenario,3,Carbon-forward,s4,3683.0,0.3148936331272125,0.008169935084879398,0.11587046086788177,0.5492919087409973,0.3232544958591461,0.8428768515586853,0.5621200203895569,0.6008123159408569,8,97.01330437143632,0.027151778441487917,0.0,100.0,0.0,,,False,,61.582279205322266,0.0,0.0,2
,E of Nj ‘Iinlii” Jjik (Fishing Branch) Habitat Protection Area (66.9°N 137.7°W),Act 2,Act 3 scenario,2,Carbon-forward,s4,3568.0,0.2990805506706238,0.013071895577013493,0.030810749158263206,0.5305259823799133,0.05511382222175598,0.798152506351471,0.20755833387374878,0.5545377135276794,7,95.85201793721974,0.028026905829596414,0.0,31.50224215246637,0.0,,,False,,66.8336410522461,1.0369955156950672,0.0,2
,E of Nááts’Ihch’Oh National Park Reserve Of Canada (63.9°N 124.6°W),Act 2,Act 3 scenario,5,Carbon-forward,s4,1940.0,0.2558014988899231,0.02124183066189289,0.06754779070615768,0.46785134077072144,0.16619989275932312,0.8000368475914001,0.5350090861320496,0.6819568872451782,7,94.02061855670102,0.0,0.0,73.81443298969073,0.0,,,False,,63.650428771972656,0.0,0.0,2
,NW of Granby Park (49.9°N 118.7°W),Act 2,Act 3 scenario,2,Core-habitat-forward,s1,1520.0,0.5809425711631775,0.15522876381874084,0.9462500214576721,0.34245365858078003,0.9449580907821655,0.5097244381904602,0.8101145029067993,0.11976173520088196,11,0.0,0.0,40.46052631578947,100.0,0.7894736842105263,,,False,,49.83516311645508,41.64473684210526,0.0,3
,W of Frank Church River Of No Return Wilderness (45.0°N 115.6°W),Act 2,Act 3 scenario,2,Core-habitat-forward,s1,1236.0,0.5709620714187622,0.24183009564876556,0.9445682168006897,0.29707232117652893,0.8497354984283447,0.4051079750061035,0.7849854826927185,0.3843105137348175,11,0.0,0.16181229773462785,44.579288025889966,100.0,0.0,,,False,,45.1645393371582,50.80906148867314,0.0,4
,NE of Tū Łī́dlini (Ross River) (65.3°N 128.2°W),Act 2,Act 3 scenario,1,Carbon-forward,s4,1120.0,0.3410159945487976,0.08169934898614883,0.059898704290390015,0.4577334225177765,0.04947994276881218,0.8091146945953369,0.3604087233543396,0.7067787051200867,7,99.82142857142857,0.0,0.0,51.60714285714286,0.0,,,False,,65.29806518554688,0.0,0.0,2
,SW of Wells Gray Park (51.7°N 120.3°W),Act 2,Act 3 scenario,3,Core-habitat-forward,s1,999.0,0.5861172080039978,0.3415032625198364,0.9373924732208252,0.32820722460746765,0.898001492023468,0.4935184121131897,0.7187861800193787,0.1071784719824791,10,0.0,0.0,18.41841841841842,85.68568568568568,3.303303303303303,,,False,,51.554561614990234,28.928928928928926,0.0,3
,SW of Bridger Wilderness (42.1°N 110.7°W),Act 2,Act 3 scenario,2,Core-habitat-forward,s1,910.0,0.5815431475639343,0.41339871287345886,0.9522784352302551,0.2166665494441986,0.5893950462341309,0.29727688431739807,0.8653847575187683,0.2565408945083618,22,0.0,2.417582417582418,0.0,100.0,100.0,,,False,,42.17927551269531,0.0,0.0,2
,W of Eagle Cap Wilderness (44.9°N 118.3°W),Act 2,Act 3 scenario,1,Core-habitat-forward,s1,715.0,0.5516728758811951,0.38562092185020447,0.958301305770874,0.23722800612449646,0.9256004691123962,0.28871774673461914,0.8220244646072388,0.25242409110069275,13,0.0,0.0,25.734265734265733,100.0,0.0,,,False,,44.93935012817383,15.524475524475525,0.0,2
,S of Gros Ventre Wilderness (43.2°N 110.2°W),Act 2,Act 3 scenario,1,Core-habitat-forward,s1,694.0,0.5902672410011292,0.39052286744117737,0.9230795502662659,0.12993991374969482,0.597471296787262,0.3580038547515869,0.939321756362915,0.31401434540748596,22,0.0,0.0,0.7204610951008645,100.0,85.73487031700289,,,False,,43.155738830566406,19.740634005763688,0.0,3
,NE of Nahanni National Park Reserve Of Canada (62.2°N 125.3°W),Act 2,Act 3 scenario,2,Carbon-forward,s4,480.0,0.2866523861885071,0.10130719095468521,0.18991537392139435,0.8560808300971985,0.09425174444913864,0.7806440591812134,0.47442612051963806,0.8848494291305542,6,89.79166666666667,0.0,0.0,100.0,0.0,,,False,,62.20733642578125,17.291666666666668,0.0,2
,N of Qat'Muk (50.7°N 116.6°W),Act 2,Act 3 scenario,1,Carbon-forward,s4,436.0,0.6292760968208313,0.30228760838508606,0.966227114200592,0.2249296009540558,0.545242428779602,0.7600468397140503,0.8680031895637512,0.7154260873794556,13,10.77981651376147,0.0,70.64220183486239,100.0,0.9174311926605505,,,False,,50.66379928588867,10.550458715596331,42.6605504587156,4
,NE of Nááts’Ihch’Oh National Park Reserve Of Canada (64.8°N 126.1°W),Act 2,Act 3 scenario,2,Carbon-forward,s4,421.0,0.2218768149614334,0.04575163498520851,0.032200515270233154,0.4377744495868683,0.07726458460092545,0.7916547060012817,0.4572378993034363,0.6494600772857666,5,98.09976247030879,0.0,0.0,80.04750593824228,0.0,,,False,,64.726318359375,0.0,0.0,2
,N of Tū Łī́dlini (Ross River) (65.9°N 131.1°W),Act 2,Act 3 scenario,1,Carbon-forward,s4,352.0,0.3895666003227234,0.08006536215543747,0.04253719747066498,0.5175394415855408,0.03329744189977646,0.8011031746864319,0.43010273575782776,0.6787768006324768,5,99.43181818181817,0.0,0.0,68.4659090909091,0.0,,,False,,65.89745330810547,0.0,0.0,2
,SE of Cabinet Mountains Wilderness (47.9°N 114.9°W),Act 2,Act 3 scenario,1,Core-habitat-forward,s1,315.0,0.5890911817550659,0.29738563299179077,0.9388331770896912,0.2933696210384369,0.906400740146637,0.43418630957603455,0.8512495756149292,0.3646342158317566,9,0.0,0.0,4.444444444444445,100.0,0.0,,,False,,47.86321258544922,0.0,0.0,3
11,NW of Bridger Wilderness (43.1°N 110.2°W),Act 2,Act 3 scenario,1,Biodiversity-forward,s3,297.0,0.6316872835159302,0.4754902124404907,0.9077950119972229,0.13912010192871094,0.5304126739501953,0.24569223821163177,0.9962707161903381,0.2930513620376587,21,0.0,0.0,0.0,100.0,100.0,,,False,,43.10893249511719,13.468013468013467,0.0,6
,W of Frank Church River Of No Return Wilderness (44.6°N 116.0°W),Act 2,Act 3 scenario,1,Core-habitat-forward,s1,281.0,0.582368016242981,0.3464052379131317,0.9163007140159607,0.2406444549560547,0.6395664215087891,0.4273621439933777,0.9451391696929932,0.11985233426094055,12,0.0,0.0,1.4234875444839856,100.0,0.0,,,False,,44.61531066894531,0.0,0.0,3
,NE of Eagle Cap Wilderness (45.4°N 117.2°W),Act 2,Act 3 scenario,1,Core-habitat-forward,s1,271.0,0.6123049855232239,0.3692810535430908,0.9097726941108704,0.2929384112358093,0.8353860378265381,0.3350185751914978,0.8705533742904663,0.22815056145191193,14,0.0,0.0,21.033210332103323,100.0,0.0,,,False,,45.352455139160156,45.75645756457565,0.0,4
,SE of Washakie Wilderness (43.9°N 109.3°W),Act 2,Act 3 scenario,2,Core-habitat-forward,s1,237.0,0.5302667021751404,0.343137264251709,0.9633177518844604,0.009017696604132652,0.4049719274044037,0.46407726407051086,0.9278141856193542,0.4485344886779785,13,0.0,0.0,48.9451476793249,100.0,0.42194092827004215,,,False,,44.06367492675781,51.89873417721519,0.0,4
12,SW of Frank Church River Of No Return Wilderness (44.4°N 116.3°W),Act 2,Act 3 scenario,1,Biodiversity-forward,s3,234.0,0.3838542401790619,0.014705882407724857,0.134889155626297,0.2370733916759491,0.43936052918434143,0.16450679302215576,0.9069761633872986,0.22339597344398499,12,0.0,0.0,0.0,100.0,98.71794871794873,,,False,,44.35268783569336,0.0,0.0,1
,SE of Tombstone Natural Environment Park (64.4°N 137.8°W),Act 2,Act 3 scenario,1,Carbon-forward,s4,227.0,0.3345210552215576,0.11437908560037613,0.44865095615386963,0.8782975673675537,0.12041960656642914,0.7786580324172974,0.20850761234760284,0.7018373608589172,4,93.3920704845815,0.0,0.0,99.55947136563876,0.0,,,False,,64.37926483154297,0.0,0.0,2
,S of Purcell Wilderness Conservancy Park (49.6°N 116.5°W),Act 2,Act 3 scenario,1,Carbon-forward,s4,204.0,0.6170143485069275,0.4183006286621094,0.851427435874939,0.37486594915390015,0.8911433219909668,0.458196759223938,0.8042479753494263,0.34776994585990906,8,0.0,0.0,3.431372549019608,100.0,0.0,,,False,,49.645118713378906,33.82352941176471,0.0,6
,E of Liard River Corridor Park (59.6°N 123.9°W),Act 2,Act 3 scenario,1,Carbon-forward,s4,183.0,0.27092039585113525,0.17810459434986115,0.2681293189525604,0.3883380591869354,0.5963499546051025,0.9694073796272278,0.45885521173477173,0.30351558327674866,6,75.40983606557377,0.0,0.0,100.0,0.0,,,False,,59.579833984375,0.0,0.0,2
,SW of Tahltan - Sacred Headwaters (Klappan) (56.8°N 129.4°W),Act 2,Act 3 scenario,1,Carbon-forward,s4,162.0,0.6198257207870483,0.3464052677154541,0.9675698280334473,0.5197063684463501,0.251878559589386,0.6597473621368408,0.7478823661804199,0.917059063911438,7,0.0,0.0,59.25925925925925,100.0,0.0,,,False,,56.75520324707031,0.0,0.0,4
,S of Mount Robson Park (52.4°N 118.5°W),Act 2,Act 3 scenario,1,Carbon-forward,s4,160.0,0.5418096780776978,0.11928105354309082,0.8163835406303406,0.4353513717651367,0.4379555284976959,0.7615458369255066,0.980921745300293,0.6980619430541992,13,13.125,0.0,12.5,100.0,8.125,,,False,,52.410362243652344,15.625,0.0,4
,NW of Banff National Park Of Canada (51.8°N 117.1°W),Act 2,Act 3 scenario,1,Carbon-forward,s4,139.0,0.5950533747673035,0.2908496856689453,0.9332507252693176,0.31250274181365967,0.4705021381378174,0.7941797971725464,0.9681335091590881,0.6844673156738281,12,7.913669064748201,0.7194244604316548,44.60431654676259,100.0,7.913669064748201,,,False,,51.752071380615234,15.827338129496402,0.0,3
,T’akú Tlatsini (Taku River Tlingit) vicinity (58.4°N 131.4°W),Act 2,Act 3 scenario,1,Carbon-forward,s4,134.0,0.664764404296875,0.5702614188194275,0.9871726036071777,0.6537739634513855,0.14643239974975586,0.7517472505569458,0.7467472553253174,0.5849437713623047,7,32.08955223880597,0.0,100.0,100.0,0.0,,,False,,58.43706130981445,0.0,53.73134328358209,5
,W of Nahanni National Park Reserve Of Canada (61.7°N 127.9°W),Act 2,Act 3 scenario,1,Carbon-forward,s4,132.0,0.3149757385253906,0.18137256801128387,0.3889777958393097,0.8350844383239746,0.15322557091712952,0.7839215397834778,0.6692931056022644,0.8399648666381836,8,97.72727272727273,0.0,0.0,100.0,2.272727272727273,,,False,,61.6706428527832,0.0,0.0,2
9,S of Purcell Wilderness Conservancy Park (49.6°N 116.5°W),Act 2,Act 3 scenario,1,Connectivity-forward,s2,126.0,0.6247146129608154,0.4183006286621094,0.8556934595108032,0.39456599950790405,0.9060276746749878,0.45366987586021423,0.8096377849578857,0.32502272725105286,7,0.0,0.0,2.380952380952381,100.0,0.0,,,False,,49.593727111816406,32.53968253968254,0.0,6
,Tū Łī́dlini (Ross River) vicinity (61.4°N 131.1°W),Act 2,Act 3 scenario,1,Carbon-forward,s4,123.0,0.3620941638946533,0.15849675238132477,0.6626425385475159,0.6382195949554443,0.1921810507774353,0.8192098140716553,0.5318859219551086,0.7908662557601929,5,92.6829268292683,0.0,0.0,100.0,0.0,,,False,,61.407386779785156,0.0,100.0,2
,S of Don Getty Wildland (50.0°N 114.7°W),Act 2,Act 3 scenario,1,Carbon-forward,s4,116.0,0.5822910070419312,0.5114378929138184,0.9365591406822205,0.29772645235061646,0.4538583755493164,0.8307532668113708,0.7218366265296936,0.34243243932724,8,45.689655172413794,0.0,11.206896551724139,100.0,0.0,,,False,,49.96708679199219,6.896551724137931,0.0,3
,SE of Fishing Branch Wilderness Preserve (65.8°N 135.1°W),Act 2,Act 3 scenario,1,Carbon-forward,s4,113.0,0.23331311345100403,0.16993464529514313,0.04206184670329094,0.6305520534515381,0.14492544531822205,0.8339453339576721,0.17457900941371918,0.603069007396698,3,100.0,0.0,0.0,10.619469026548673,0.0,,,False,,65.79808044433594,0.0,0.0,2
,W of Bridger Wilderness (43.1°N 110.2°W),Act 2,Act 3 scenario,1,Carbon-forward,s4,111.0,0.6513130068778992,0.5228758454322815,0.9171229600906372,0.15041375160217285,0.5062954425811768,0.2315625250339508,0.9960985779762268,0.2908346951007843,19,0.0,0.0,0.0,100.0,100.0,,,False,,43.05195617675781,0.0,0.0,8
,NE of Dene Kʼéh Kusān (59.8°N 125.5°W),Act 2,Act 3 scenario,1,Carbon-forward,s4,111.0,0.25886180996894836,0.1388889104127884,0.37101054191589355,0.6746023297309875,0.18544413149356842,0.801722526550293,0.348337322473526,0.8875417113304138,5,98.1981981981982,0.0,0.0,21.62162162162162,0.0,,,False,,59.770057678222656,0.0,55.85585585585585,2
10,S of Jasper National Park Of Canada (51.9°N 117.8°W),Act 2,Act 3 scenario,1,Connectivity-forward,s2,105.0,0.5744942426681519,0.4264706075191498,0.8337621688842773,0.6605005264282227,0.5741169452667236,0.6468134522438049,0.976908266544342,0.7257235646247864,11,0.0,52.38095238095239,1.9047619047619049,100.0,0.0,,,False,,51.94158935546875,9.523809523809524,0.0,4
,E of White Goat (52.3°N 116.6°W),Act 2,Act 3 scenario,1,Core-habitat-forward,s1,104.0,0.5400798320770264,0.2679738700389862,0.9602330923080444,0.3173459470272064,0.5453363060951233,0.7547839283943176,0.7337511777877808,0.9198296070098877,9,13.461538461538462,0.0,53.84615384615385,100.0,0.0,,,False,,52.288902282714844,42.30769230769231,0.0,1
,E of Wenaha Tucannon Wilderness (46.4°N 116.7°W),Act 2,Act 3 scenario,1,Biodiversity-forward,s3,101.0,0.45589855313301086,0.02450980432331562,0.008951318450272083,0.2900193929672241,0.673470139503479,0.2604029178619385,0.9498404264450073,0.060877475887537,12,0.0,0.9900990099009901,0.0,100.0,96.03960396039604,,,False,,46.37192153930664,0.0,0.0,3
,S of Purcell Wilderness Conservancy Park (49.5°N 116.5°W),Act 2,Act 3 scenario,1,Biodiversity-forward,s3,101.0,0.6357665061950684,0.4183006286621094,0.8418974280357361,0.3630043566226959,0.9268382787704468,0.4193401634693146,0.8217843770980835,0.2880137860774994,8,0.0,0.0,0.0,100.0,0.0,,,False,,49.5468635559082,25.742574257425744,0.0,6
,SW of Jedediah Smith Wilderness (43.0°N 111.6°W),Act 2,Act 3 scenario,1,Core-habitat-forward,s1,100.0,0.5713398456573486,0.3415032625198364,0.8743886351585388,0.3884062170982361,0.6088493466377258,0.16534970700740814,0.9447923302650452,0.21162332594394684,14,0.0,0.0,0.0,100.0,98.0,,,False,,42.959754943847656,0.0,0.0,3
,E of White Goat (52.3°N 116.5°W),Act 2,Act 3 scenario,1,Carbon-forward,s4,100.0,0.5222875475883484,0.32516342401504517,0.9502587914466858,0.2654101252555847,0.4248376786708832,0.813424825668335,0.8054229617118835,0.8247675895690918,9,47.0,6.0,21.0,100.0,0.0,,,False,,52.3367805480957,2.0,0.0,2
