number,name,act,act_v16,n_components,driving_label,driving,area_km2,mean_guarded_F,min_guarded_F,pct_core habitat,pct_connectivity,pct_biodiversity,pct_carbon,pct_representativeness,pct_naturalness,ratio_core habitat,ratio_connectivity,ratio_biodiversity,ratio_carbon,ratio_representativeness,ratio_naturalness,efg_classes_present,driver_m_soc theta-tail,driver_connectivity spike (top 0.2%),driver_refugia densest (area-matched to the m_soc tail),driver_rare-attainable EFG footprint,driver_rarest-EFG footprint (rare in the extent+250 km window: <= 1% of the window),pct_adequacy_forced,pct_forced_any_formulation,adequacy_pin,adequacy_pin_class,mean_lat,pct_within_5km_of_PA,pct_in_proposed_IPCA,n_formulations_frequent
2,Purcell Wilderness Conservancy Park vicinity (50.1°N 116.4°W),Act 1,Act 1 core,11,all formulations,all formulations,11591.0,0.8299527764320374,0.11764705926179886,0.9700238704681396,0.4115349352359772,0.7343625426292419,0.6092721223831177,0.7398032546043396,0.47807809710502625,3.9874394937119413,0.9855583192848189,1.215402722007641,1.1801042043568375,1.162984013557434,0.9983457441574302,8,2.821154343887499,1.5270468466913985,75.37744802001552,63.74773531187991,0.0,0.0,0.0,False,,50.6387825012207,24.682943663186954,7.799154516435165,10
1,SW of Tahltan - Sacred Headwaters (Klappan) (56.8°N 129.3°W),Act 1,Act 1 core,12,all formulations,all formulations,10962.0,0.7811254858970642,0.06535948067903519,0.9748572111129761,0.6395562887191772,0.3234044313430786,0.6295590996742249,0.8343886733055115,0.7927941679954529,3.4490629281989706,1.2399845124637574,0.8174134847079706,1.4064790708568737,1.2684237957000732,1.048815445604288,7,3.4026637474913337,0.1277139208173691,79.39244663382594,85.41324575807334,0.0,0.0,0.0,False,,56.75235366821289,5.82010582010582,11.36653895274585,10
4,NW of Frank Church River Of No Return Wilderness (45.2°N 115.6°W),Act 1,Act 1 core,8,all formulations,all formulations,3977.0,0.8536026477813721,0.1993464231491089,0.9794487357139587,0.34626248478889465,0.8438188433647156,0.3809513449668884,0.9138767719268799,0.36449742317199707,4.7122349315507535,0.8637262731484839,1.335345449264116,0.20367461425808722,1.3645529747009277,1.0143625083602474,9,0.0,0.4023133014835303,84.56122705556952,100.0,0.0,0.0,0.0,False,,45.398189544677734,46.894644204174,0.0,12
3,N of Granby Park (49.9°N 118.7°W),Act 1,Act 1 core,2,all formulations,all formulations,952.0,0.7445745468139648,0.4542483389377594,0.9586987495422363,0.366090327501297,0.9441318511962891,0.5108219385147095,0.6498041152954102,0.12311141937971115,2.7433133456635326,0.7705067452196196,1.4547068328797954,0.701474607000597,1.0109426975250244,0.8427003900148556,5,0.0,0.0,56.82773109243697,62.60504201680672,0.0,0.0,0.0,False,,49.83089065551758,38.340336134453786,0.0,8
,SW of Wells Gray Park (51.6°N 120.4°W),Act 1,Act 1 core,3,all formulations,all formulations,441.0,0.8112393021583557,0.5964052081108093,0.9712880253791809,0.3687516748905182,0.8972283601760864,0.5049193501472473,0.9148120880126953,0.1357712745666504,3.0355652092539596,0.7697335279077722,1.3903938499947575,0.8172131283421828,1.346574068069458,0.8526748737882783,6,0.0,0.0,67.12018140589569,99.77324263038548,0.0,0.0,0.0,False,,51.55619430541992,49.65986394557823,0.0,9
,N of Granby Park (50.7°N 119.5°W),Act 1,Act 1 core,2,all formulations,all formulations,402.0,0.8926608562469482,0.21078433096408844,0.9713306427001953,0.3101239800453186,0.917808473110199,0.5203697085380554,0.7902750968933105,0.10908833146095276,3.971497431400093,0.682321966959339,1.4250633900587426,0.8452571460578922,1.148759126663208,0.8563004798972881,6,0.0,0.0,70.8955223880597,59.950248756218905,3.731343283582089,0.0,0.0,False,,50.8383903503418,1.7412935323383085,0.0,11
,E of Sawtooth Wilderness (44.0°N 114.8°W),Act 1,Act 1 core,2,all formulations,all formulations,390.0,0.7791059613227844,0.5588235855102539,0.9905120730400085,0.12473590672016144,0.684270977973938,0.3370477855205536,0.9562385678291321,0.3207758665084839,4.2108137512791854,0.40187065233721,1.1633346232187747,0.09883294563183355,1.5320215225219727,1.0201133173987575,7,0.0,0.0,99.23076923076923,100.0,0.0,0.0,0.0,False,,44.104366302490234,43.58974358974359,0.0,6
,SW of Valhalla Park (49.6°N 117.9°W),Act 1,Act 1 core,1,all formulations,all formulations,242.0,0.8435693979263306,0.17320263385772705,0.9588407874107361,0.31651994585990906,0.8851707577705383,0.668968915939331,0.5350572466850281,0.37913042306900024,3.993739580955588,0.6817390416589687,1.3787575015923623,1.1585073596130078,0.854060173034668,1.0144635913307805,4,4.132231404958678,0.0,67.76859504132231,4.132231404958678,0.0,0.0,0.0,False,,49.55595779418945,0.0,0.0,11
,NW of Anaconda Pintler Wilderness (46.1°N 113.8°W),Act 1,Act 1 core,1,all formulations,all formulations,205.0,0.7407858967781067,0.5653595328330994,0.9829221963882446,0.5264177918434143,0.8863964080810547,0.3502947688102722,0.930936872959137,0.3811349868774414,3.4013758492539665,1.7246553241753209,1.3780573400924685,0.19610099420448385,1.372327446937561,1.0324566463244342,6,0.0,5.853658536585367,99.51219512195122,100.0,0.0,0.0,0.0,False,,46.125511169433594,17.560975609756095,0.0,6
,SW of Frank Church River Of No Return Wilderness (44.5°N 116.0°W),Act 1,Act 1 core,1,all formulations,all formulations,175.0,0.8178524374961853,0.6879084706306458,0.9786288142204285,0.24207136034965515,0.6690235733985901,0.3911212682723999,0.9908377528190613,0.12560337781906128,3.339081251377347,0.6318975735328075,1.1635081216738044,0.1709507714251905,1.7781999111175537,0.8664749756140229,7,0.0,0.0,78.85714285714286,100.0,0.0,0.0,0.0,False,,44.53956604003906,0.0,0.0,9
,SE of Cabinet Mountains Wilderness (47.9°N 114.9°W),Act 1,Act 1 core,1,all formulations,all formulations,154.0,0.7516233921051025,0.6176470518112183,0.9635772705078125,0.3158722519874573,0.854168176651001,0.4582150876522064,0.3698425889015198,0.38154953718185425,2.733506744273264,0.6798104163446044,1.3623679073008241,0.20878085961822018,0.7001296281814575,1.0328639117643896,4,0.0,0.0,38.311688311688314,2.5974025974025974,0.0,0.0,0.0,False,,47.855831146240234,0.0,0.0,7
,W of Eagle Cap Wilderness (45.1°N 118.5°W),Act 1,Act 1 core,1,all formulations,all formulations,124.0,0.7865802645683289,0.6813726425170898,0.9870362281799316,0.29714468121528625,0.914371132850647,0.2564685344696045,0.7456091642379761,0.2092927098274231,3.792249578466303,0.6876571240744146,1.4121871262365535,0.055823019169611854,1.0701732635498047,0.9975125833344026,4,0.0,0.0,96.7741935483871,100.0,0.0,0.0,0.0,False,,45.09369659423828,0.0,0.0,7
,SE of Washakie Wilderness (44.0°N 109.3°W),Act 1,Act 1 core,1,all formulations,all formulations,109.0,0.8126461505889893,0.5980393290519714,0.9843077063560486,0.011980715207755566,0.37033575773239136,0.4866647720336914,0.9261232018470764,0.4419742524623871,3.8497527591491307,0.19939415076408157,0.8157605934617829,0.25346384349550855,1.3483200073242188,1.0372435802402509,5,0.0,0.0,92.66055045871559,100.0,0.0,0.0,0.0,False,,43.99202346801758,85.3211009174312,0.0,9
245-1,Purcell Wilderness Conservancy Park vicinity (50.0°N 116.4°W),Act 1 (245),Act 1 core (SSP245),10,all formulations,all formulations,14828.0,0.7632758021354675,0.06699346750974655,0.91987144947052,0.41169193387031555,0.7284151315689087,0.6073358654975891,0.7347666025161743,0.4781462848186493,3.3135739128186463,0.9791765083157614,1.2102807106763194,1.1982579352115645,1.1710717678070068,0.9969774524716194,8,3.0820070137577553,1.4904235230644725,52.67736714324251,62.13919611545724,0.0,0.0,0.0,False,,50.66340637207031,20.967089290531426,6.427029943350418,9
245-2,SW of Tahltan - Sacred Headwaters (Klappan) (56.8°N 129.3°W),Act 1 (245),Act 1 core (SSP245),10,all formulations,all formulations,8533.0,0.7783214449882507,0.06535948067903519,0.9543972015380859,0.6085202097892761,0.35055091977119446,0.6063298583030701,0.8360726833343506,0.7636263370513916,3.2942843696546404,1.1904046927241094,0.845105122147872,1.3267906943528212,1.2732841968536377,1.0445817551256336,7,2.6251025430680888,0.05859603890776984,68.74487284659557,82.40946911988749,0.0,0.0,0.0,False,,56.67274856567383,5.78928864408766,6.574475565451776,10
245-3,NE of Gospel Hump Wilderness (45.7°N 115.4°W),Act 1 (245),Act 1 core (SSP245),8,all formulations,all formulations,7425.0,0.6517237424850464,0.03594771400094032,0.6884872913360596,0.37102192640304565,0.8355242013931274,0.348734974861145,0.8592965006828308,0.2762322723865509,2.5718905988359966,0.8947433472472976,1.3298486823240956,0.2314125809571665,1.2830491065979004,0.9893031343590798,11,0.0,0.21548821548821548,33.54882154882155,100.0,0.0404040404040404,0.0,0.0,False,,45.58197021484375,24.35016835016835,0.0,6
245-4,N of Granby Park (49.8°N 118.5°W),Act 1 (245),Act 1 core (SSP245),3,all formulations,all formulations,3237.0,0.6580065488815308,0.07189542800188065,0.8707308173179626,0.37268364429473877,0.9538958072662354,0.5287103056907654,0.5794708728790283,0.16967006027698517,2.1478265611370753,0.7891305763738264,1.4599389466011883,0.7446260881990354,0.9233145117759705,0.8811072661672458,5,0.3089280197713933,0.0,24.68334877973432,36.886005560704355,0.0,0.0,0.0,False,,49.74052047729492,24.590670373802904,0.0,5
245-5,SW of Wells Gray Park (51.7°N 120.3°W),Act 1 (245),Act 1 core (SSP245),6,all formulations,all formulations,2484.0,0.7120940089225769,0.08496732264757156,0.9130815863609314,0.33722326159477234,0.9048126935958862,0.508970320224762,0.7828567028045654,0.13970503211021423,2.447834509788598,0.7228065953515997,1.4012647310841508,0.8134489388238865,1.1548608541488647,0.8589268341038411,7,0.0,0.0,30.83735909822866,60.6682769726248,2.1739130434782608,0.0,0.0,False,,51.32200622558594,29.951690821256037,0.0,6
245-6,NE of Frank Church River Of No Return Wilderness (45.6°N 114.4°W),Act 1 (245),Act 1 core (SSP245),3,all formulations,all formulations,1011.0,0.800991415977478,0.31699347496032715,0.9820590615272522,0.29785463213920593,0.864222526550293,0.37356168031692505,0.9333955645561218,0.4366227686405182,3.8206062181188027,0.7336992836896812,1.3572122224282026,0.1586074931906494,1.3870651721954346,1.0343834047639247,8,0.0,0.19782393669634024,88.62512363996044,100.0,0.0,0.0,0.0,False,,45.420963287353516,46.19188921859545,0.0,8
,SW of Frank Church River Of No Return Wilderness (44.6°N 116.0°W),Act 1 (245),Act 1 core (SSP245),1,all formulations,all formulations,564.0,0.6361714005470276,0.19117647409439087,0.9039120674133301,0.2538906931877136,0.6860209703445435,0.39692801237106323,0.982973575592041,0.1303139328956604,2.253656806954367,0.6592945257792073,1.1783607930606654,0.19425440962207846,1.71053147315979,0.8756606811401443,7,0.0,0.0,24.46808510638298,100.0,0.0,0.0,0.0,False,,44.55596160888672,0.0,0.0,5
,S of Anaconda Pintler Wilderness (45.5°N 113.6°W),Act 1 (245),Act 1 core (SSP245),2,all formulations,all formulations,482.0,0.6476114392280579,0.4771241843700409,0.9317010045051575,0.25795504450798035,0.6317318677902222,0.27597862482070923,0.7211546897888184,0.25374966859817505,2.4784158471348734,0.6341492578379292,1.1182937649659674,0.058639059308432114,1.1315416097640991,0.9860637496025787,8,0.0,0.0,22.821576763485478,100.0,0.0,0.0,0.0,False,,45.48488235473633,0.0,0.0,6
,SE of Cabinet Mountains Wilderness (47.9°N 114.9°W),Act 1 (245),Act 1 core (SSP245),2,all formulations,all formulations,482.0,0.6438722610473633,0.2679738700389862,0.9355433583259583,0.3338298201560974,0.9082813858985901,0.42377907037734985,0.44343793392181396,0.3451972007751465,2.281424409814386,0.7180537609583011,1.4230397627886073,0.2022812711928917,0.7681268453598022,1.0268615352744346,4,0.0,0.0,12.655601659751037,9.54356846473029,0.0,0.0,0.0,False,,47.927738189697266,0.0,0.0,6
,SE of Sawtooth Wilderness (43.9°N 114.8°W),Act 1 (245),Act 1 core (SSP245),3,all formulations,all formulations,419.0,0.7421888113021851,0.29411762952804565,0.9791364073753357,0.09381616115570068,0.7083214521408081,0.32498496770858765,0.9334204792976379,0.3215235471725464,3.7357327927647215,0.34297929135574917,1.1873916803629445,0.08819560859093456,1.4727014303207397,1.0206014596964592,7,0.0,0.0,85.20286396181385,100.0,0.0,0.0,0.0,False,,44.067562103271484,46.30071599045346,0.0,7
,S of Graham Laurier Park (56.3°N 123.5°W),Act 1 (245),Act 1 core (SSP245),1,all formulations,all formulations,384.0,0.5324286818504333,0.1797385811805725,0.8032443523406982,0.5597122311592102,0.3774656057357788,0.7317624092102051,0.9058477282524109,0.8012242317199707,1.4618736189275943,0.9586586026783794,0.8698720455726986,1.6905998624969956,1.3848989009857178,1.0488324497336052,6,1.3020833333333335,0.0,2.604166666666667,96.875,0.0,0.0,0.0,False,,56.27943801879883,18.229166666666664,0.0,4
,NE of North Absaroka Wilderness (44.9°N 109.6°W),Act 1 (245),Act 1 core (SSP245),1,all formulations,all formulations,275.0,0.4969280958175659,0.28594771027565,0.7249605059623718,0.03688332438468933,0.6825670003890991,0.36580169200897217,0.9844411611557007,0.3311193883419037,1.4159085047573121,0.2585364887250935,1.1492471740515704,0.10041146223729158,1.8023273944854736,1.0238181524579961,8,0.0,0.0,7.636363636363637,100.0,0.0,0.0,0.0,False,,44.854942321777344,66.9090909090909,0.0,5
,SE of Washakie Wilderness (44.0°N 109.3°W),Act 1 (245),Act 1 core (SSP245),1,all formulations,all formulations,184.0,0.7090526819229126,0.3202614486217499,0.9720986485481262,0.014953956939280033,0.39357420802116394,0.48687127232551575,0.9287201166152954,0.45232337713241577,3.2938388349964485,0.2028687698097464,0.8359425066872113,0.25658776455451027,1.3612719774246216,1.0377674130490353,5,0.0,0.0,59.2391304347826,100.0,0.0,0.0,0.0,False,,43.955360412597656,83.69565217391305,0.0,7
,S of Hells Canyon Wilderness (44.8°N 116.7°W),Act 1 (245),Act 1 core (SSP245),1,all formulations,all formulations,107.0,0.5623969435691833,0.14215688407421112,0.8943982720375061,0.08734366297721863,0.8859720230102539,0.31979963183403015,0.7112255096435547,0.33227717876434326,1.8916009065043553,0.37517087465632776,1.3738648634180959,0.07323133288617481,1.020065188407898,1.02645851981223,4,0.0,0.0,4.672897196261682,100.0,0.0,0.0,0.0,False,,44.7824592590332,33.64485981308411,0.0,5
,N of Selway Bitterroot Wilderness (46.4°N 114.7°W),Act 1 (245),Act 1 core (SSP245),1,all formulations,all formulations,101.0,0.4425354301929474,0.3366013467311859,0.4042901396751404,0.43901559710502625,0.9232869148254395,0.359499990940094,0.934364914894104,0.3222123980522156,0.6860960589137137,0.9224372171758884,1.4128103950181221,0.32544304817310665,1.3894239664077759,1.0245124524333407,5,0.0,0.0,0.0,100.0,0.0,0.0,0.0,False,,46.426143646240234,100.0,0.0,4
585-1,S of Tahltan - Sacred Headwaters (Klappan) (56.9°N 129.2°W),Act 1 (585),Act 1 core (SSP585),14,all formulations,all formulations,13866.0,0.7421603202819824,0.06535948067903519,0.974417507648468,0.6592740416526794,0.31692230701446533,0.63604736328125,0.8330104947090149,0.7932111620903015,3.3384750683704953,1.263405411861805,0.8108625951275217,1.4280124811259882,1.263994574546814,1.0490992670456607,7,3.4472811192845807,0.10817827780181738,78.35713255444973,87.1412087119573,0.0,0.0,0.0,False,,56.84687423706055,7.9186499350930335,15.152170777441224,8
585-2,Purcell Wilderness Conservancy Park vicinity (50.1°N 116.4°W),Act 1 (585),Act 1 core (SSP585),7,all formulations,all formulations,11522.0,0.8165532946586609,0.19771242141723633,0.9787815809249878,0.4085243046283722,0.7471731901168823,0.6019210815429688,0.7502931952476501,0.4545857310295105,4.120147241532625,0.9588982520459894,1.2277936078550602,1.1289795114367436,1.170294165611267,0.9889748178496416,8,2.3607012671411214,1.0762020482555112,84.13469883700746,65.66568304113869,0.0,0.0,0.0,False,,50.61288070678711,26.575247352890123,7.333796215934734,10
585-3,NW of Frank Church River Of No Return Wilderness (45.3°N 115.7°W),Act 1 (585),Act 1 core (SSP585),3,all formulations,all formulations,1947.0,0.8942683339118958,0.32189545035362244,0.9918904304504395,0.32664406299591064,0.8542648553848267,0.4015483856201172,0.9408754706382751,0.4008578360080719,5.73433725172723,0.813516868985285,1.343384942896597,0.1971175916758816,1.4270349740982056,1.029407363563519,8,0.0,0.30816640986132515,97.0210580380072,100.0,0.0,0.0,0.0,False,,45.294349670410156,51.30970724191063,0.0,12
585-4,E of Frank Church River Of No Return Wilderness (45.0°N 114.3°W),Act 1 (585),Act 1 core (SSP585),4,all formulations,all formulations,1342.0,0.7503494620323181,0.33169934153556824,0.9861760139465332,0.258659303188324,0.8840015530586243,0.3457343578338623,0.9312596917152405,0.4177655875682831,3.9260524052482735,0.6675335941289098,1.3801741097387796,0.13543350173600835,1.374973177909851,1.0329681845812915,8,0.0,0.29806259314456035,95.52906110283159,100.0,0.0,0.0,0.0,False,,45.307125091552734,34.12816691505216,0.0,6
585-5,NW of Anaconda Pintler Wilderness (46.1°N 113.8°W),Act 1 (585),Act 1 core (SSP585),1,all formulations,all formulations,612.0,0.6795623898506165,0.4575163424015045,0.979320228099823,0.4706391394138336,0.8859294056892395,0.35474711656570435,0.9298945665359497,0.3886949419975281,3.2331840365188205,1.3738635568253519,1.3777571281323988,0.21675792155875728,1.3671287298202515,1.0330883750044841,6,0.0,3.2679738562091507,94.93464052287581,100.0,0.0,0.0,0.0,False,,46.10680389404297,16.666666666666664,0.0,5
585-6,NW of Granby Park (49.8°N 118.7°W),Act 1 (585),Act 1 core (SSP585),1,all formulations,all formulations,598.0,0.7399939298629761,0.5571895241737366,0.970605731010437,0.38394486904144287,0.9372289180755615,0.5026101469993591,0.6562449932098389,0.13467982411384583,2.9167308065569686,0.8018436280989584,1.4498989138070242,0.6822469666118475,1.018006682395935,0.852935209053175,5,0.0,0.0,76.75585284280938,65.21739130434783,0.0,0.0,0.0,False,,49.84205627441406,51.33779264214047,0.0,8
,NE of Sawtooth Wilderness (44.1°N 114.9°W),Act 1 (585),Act 1 core (SSP585),1,all formulations,all formulations,583.0,0.7271382212638855,0.46568629145622253,0.9904548525810242,0.14813795685768127,0.6528945565223694,0.35027015209198,0.9664087891578674,0.30223551392555237,4.155720683755002,0.44961798611893933,1.132774299431091,0.11034556213389332,1.597880482673645,1.0168678756709515,7,0.0,0.0,99.65694682675816,100.0,0.0,0.0,0.0,False,,44.129608154296875,54.373927958833626,0.0,6
,N of Eagle Cap Wilderness (45.4°N 117.4°W),Act 1 (585),Act 1 core (SSP585),2,all formulations,all formulations,340.0,0.8578767776489258,0.4673202335834503,0.9886502623558044,0.29396289587020874,0.7429757714271545,0.38746964931488037,0.8252190351486206,0.16862811148166656,4.463549636639417,0.8059817876195471,1.233368156128005,0.15129992328912464,1.1972405910491943,0.8872950966064868,6,0.0,0.8823529411764706,96.47058823529412,100.0,0.0,0.0,0.0,False,,45.40917205810547,42.64705882352941,0.0,11
,E of White Goat (52.3°N 116.6°W),Act 1 (585),Act 1 core (SSP585),1,all formulations,all formulations,324.0,0.6903292536735535,0.38725486397743225,0.9619390964508057,0.5063698887825012,0.6620123982429504,0.6608666777610779,0.7292945981025696,0.6482787132263184,2.748479508448365,1.6052694143775106,1.1410590929422757,1.8077701425909596,1.123252511024475,1.0441655283346551,7,10.185185185185185,10.493827160493826,42.592592592592595,83.9506172839506,0.0,0.0,0.0,False,,52.25548553466797,44.44444444444444,0.0,6
,SW of Wells Gray Park (51.6°N 120.4°W),Act 1 (585),Act 1 core (SSP585),2,all formulations,all formulations,268.0,0.8458443284034729,0.6241829991340637,0.9794692993164062,0.3763108551502228,0.8972095251083374,0.5198360681533813,0.9315313696861267,0.14559517800807953,3.3183358715118714,0.781713075218404,1.3911677387424914,0.8480836207234393,1.375292420387268,0.8498645204898971,6,0.0,0.0,90.29850746268657,100.0,0.0,0.0,0.0,False,,51.474456787109375,62.68656716417911,0.0,10
,SW of Valhalla Park (49.6°N 117.9°W),Act 1 (585),Act 1 core (SSP585),1,all formulations,all formulations,178.0,0.9069270491600037,0.4624182879924774,0.9794902801513672,0.33777040243148804,0.8599884510040283,0.6886448264122009,0.527516782283783,0.42016229033470154,4.6790282693515985,0.7120218386726591,1.3503785778213098,1.3091797362109994,0.844294548034668,1.0249859203127725,4,5.617977528089887,0.0,87.07865168539325,0.5617977528089888,0.0,0.0,0.0,False,,49.55745315551758,0.0,0.0,12
,N of Granby Park (50.7°N 119.5°W),Act 1 (585),Act 1 core (SSP585),1,all formulations,all formulations,170.0,0.9571703672409058,0.6421568989753723,0.9898913502693176,0.36376139521598816,0.9269888401031494,0.48750028014183044,0.8680179119110107,0.08593165129423141,4.7629832826386105,0.7659426293870754,1.4444687584382354,0.7489838986776376,1.266518473625183,0.8305306981492525,6,0.0,0.0,96.47058823529412,100.0,6.470588235294119,0.0,0.0,False,,50.67045593261719,0.0,0.0,12
,S of Wells Gray Park (51.0°N 119.6°W),Act 1 (585),Act 1 core (SSP585),1,all formulations,all formulations,130.0,0.9419558048248291,0.6797385811805725,0.9854260683059692,0.23858989775180817,0.906744122505188,0.5551714897155762,0.6969953179359436,0.13642668724060059,4.370932068537797,0.567449051094735,1.4038822045314223,0.9834836409967563,1.0054689645767212,0.8930424106299272,5,0.0,0.0,89.23076923076924,6.153846153846154,0.7692307692307693,0.0,0.0,False,,51.04692840576172,0.0,0.0,11
,W of Eagle Cap Wilderness (45.1°N 118.5°W),Act 1 (585),Act 1 core (SSP585),1,all formulations,all formulations,110.0,0.7934789061546326,0.6830065250396729,0.9893811345100403,0.29708656668663025,0.9126051068305969,0.2575241029262543,0.7521514892578125,0.21242190897464752,3.920614644753516,0.6899723354638555,1.4089177806286508,0.06012991643288189,1.0797075033187866,0.9979538236896116,4,0.0,0.0,100.0,100.0,0.0,0.0,0.0,False,,45.08427810668945,0.0,0.0,7
5,Tahltan - Sacred Headwaters (Klappan) vicinity (57.0°N 128.9°W),Act 2,Act 2 scenario,10,Core-habitat-forward,s1,12198.0,0.5796545147895813,0.06535948067903519,0.9473591446876526,0.6378063559532166,0.3670242130756378,0.587374746799469,0.7889329791069031,0.7755699753761292,2.534299860039124,1.1834607843322342,0.867998309765835,1.000061332163051,1.1868667602539062,1.0483617239876049,7,0.5656665027053616,0.0,32.59550746023938,85.08771929824562,0.0,0.0,0.0,False,,56.97170639038086,11.715035251680602,20.527955402525002,4
6,Purcell Wilderness Conservancy Park vicinity (49.9°N 116.3°W),Act 2,Act 2 scenario,9,Core-habitat-forward,s1,8680.0,0.5705788135528564,0.10457516461610794,0.9259465336799622,0.3652641475200653,0.7187049984931946,0.6040843725204468,0.747324526309967,0.3785623013973236,2.3000964145900125,0.801366249567211,1.1997994556701985,1.250026570659277,1.1525001525878906,0.9533088372667781,9,3.5829493087557602,0.0576036866359447,20.241935483870968,71.73963133640552,0.0,0.0,0.0,False,,50.5337028503418,23.06451612903226,3.69815668202765,2
,Frank Church River Of No Return Wilderness vicinity (44.6°N 114.5°W),Act 2,Act 2 scenario,6,Core-habitat-forward,s1,8457.0,0.5104029178619385,0.2222222536802292,0.9605437517166138,0.18317778408527374,0.7642507553100586,0.3374132513999939,0.8920829892158508,0.37427806854248047,2.728275819837306,0.49912833939135215,1.2500924864576168,0.11466189411153212,1.3639286756515503,1.0266509205116017,9,0.0,0.0354735721887194,45.86732884001419,99.46789641716921,0.0,0.0,0.0,False,,45.0994873046875,25.30448149461984,0.0,2
11,E of Fishing Branch Wilderness Preserve (66.6°N 134.1°W),Act 2,Act 2 scenario,3,Carbon-forward,s4,4886.0,0.37465253472328186,0.0,0.022175012156367302,0.7458640933036804,0.03835956007242203,0.7996614575386047,0.6222352981567383,0.6375133991241455,0.3549465963432141,1.4152110117975478,0.4714813273855265,9.325697748326707,0.9394482374191284,1.0463886095867025,4,97.95333606221858,0.30699959066721244,0.0,85.46868604175194,0.0,0.0,0.0,False,,66.55014038085938,0.0,0.0,2
12,E of Nahanni National Park Reserve Of Canada (61.5°N 121.9°W),Act 2,Act 2 scenario,3,Carbon-forward,s4,4318.0,0.3347626328468323,0.0,0.11701396107673645,0.5552821755409241,0.34170761704444885,0.8531557321548462,0.6763013005256653,0.6003571152687073,0.44040603737831746,1.0912942649518738,0.859858022072914,7.923229640238563,1.0029441118240356,1.0427300480939632,5,91.91755442334414,0.02315886984715146,0.0,100.0,0.0,0.0,0.0,False,,61.528202056884766,0.0,0.0,2
,E of Nj ‘Iinlii” Jjik (Fishing Branch) Habitat Protection Area (66.9°N 137.7°W),Act 2,Act 2 scenario,2,Carbon-forward,s4,3842.0,0.3204383850097656,0.0,0.03133764863014221,0.5321047902107239,0.05510655790567398,0.7980532646179199,0.31341779232025146,0.5556960701942444,0.3628329333282996,1.012138140519505,0.5204781754379951,8.552002540604867,0.622664213180542,1.0443128425413766,5,95.08068714211349,0.10411244143675169,0.0,31.337844872462263,0.0,0.0,0.0,False,,66.83038330078125,1.0931806350858928,0.0,2
7,NW of Wilps Gwininitxw (56.6°N 128.3°W),Act 2,Act 2 scenario,2,Connectivity-forward,s2,2677.0,0.622447669506073,0.1388888955116272,0.9240591526031494,0.7490330338478088,0.4173749089241028,0.519934356212616,0.7300909161567688,0.8376874327659607,2.4685863181751344,1.6041181357190373,0.9135293866691334,0.8249520313144187,1.098120927810669,1.0518463777223883,7,0.0,0.709749719835637,36.533432947329096,81.17295480014943,0.0,0.0,0.0,False,,56.633453369140625,7.060141949943967,15.240941352259993,4
,W of Wilps Gwininitxw (56.3°N 128.5°W),Act 2,Act 2 scenario,3,Carbon-forward,s4,2636.0,0.5893516540527344,0.06535948067903519,0.8893011212348938,0.5557700991630554,0.48236149549484253,0.4963506758213043,0.6883441209793091,0.6901270151138306,2.2030466977084444,1.1536127082846792,0.9707505813790798,1.1767946059264365,1.06045401096344,1.037382211384919,7,0.0,0.18968133535660092,24.8103186646434,60.69802731411229,0.0,0.0,0.0,False,,56.305198669433594,8.23216995447648,10.849772382397573,2
,E of Nááts’Ihch’Oh National Park Reserve Of Canada (63.9°N 124.6°W),Act 2,Act 2 scenario,5,Carbon-forward,s4,2079.0,0.25112077593803406,0.0,0.06803085654973984,0.46950650215148926,0.16788531839847565,0.7997381091117859,0.5998867750167847,0.6830742955207825,0.3934867090520012,0.918430724910395,0.6552940377118925,7.178376831620237,0.9587187170982361,1.0476233770590089,5,93.02549302549302,0.0,0.0,72.91967291967292,0.0,0.0,0.0,False,,63.64580154418945,0.0,0.0,2
,Purcell Wilderness Conservancy Park vicinity (50.2°N 116.5°W),Act 2,Act 2 scenario,5,Carbon-forward,s4,1796.0,0.6041648387908936,0.23039214313030243,0.8951093554496765,0.31317928433418274,0.6283185482025146,0.6824451088905334,0.7540294528007507,0.4905017018318176,2.1119498777367607,0.7013641826563344,1.1086989674787309,2.0290273783267385,1.1679725646972656,0.9901166378216569,8,10.022271714922049,0.16703786191536749,18.875278396436528,71.88195991091314,0.0,0.0,0.0,False,,50.673789978027344,14.420935412026726,5.456570155902004,4
,W of Frank Church River Of No Return Wilderness (45.0°N 115.6°W),Act 2,Act 2 scenario,3,Core-habitat-forward,s1,1583.0,0.5634715557098389,0.1993464231491089,0.9202871322631836,0.2784191071987152,0.8060318231582642,0.41128674149513245,0.9593687057495117,0.3273235857486725,2.29425264068008,0.7233329942442369,1.2961239776451408,0.18822133480840558,1.5468566417694092,0.9888802215830153,8,0.0,0.06317119393556538,22.42577384712571,100.0,0.0,0.0,0.0,False,,45.0132942199707,35.628553379658875,0.0,3
,NW of Granby Park (49.9°N 118.7°W),Act 2,Act 2 scenario,2,Core-habitat-forward,s1,1480.0,0.594782292842865,0.13071896135807037,0.9127261638641357,0.33474281430244446,0.9419699311256409,0.5149914622306824,0.6823402047157288,0.1247313842177391,2.1376421714571032,0.7210822307348659,1.4484950551659006,0.6215037627411558,1.0611635446548462,0.8212100222379483,6,0.0,0.0,14.797297297297296,61.689189189189186,0.8108108108108109,0.0,0.0,False,,49.85328674316406,44.45945945945946,0.0,4
8,S of Mount Robson Park (52.5°N 118.6°W),Act 2,Act 2 scenario,5,Connectivity-forward,s2,1428.0,0.5708965063095093,0.06535948067903519,0.7814815044403076,0.5733645558357239,0.65745609998703,0.6300598382949829,0.8968400955200195,0.532992422580719,1.4664370001915015,1.6693049569450982,1.1390322814766616,1.158384549201416,1.4652454853057861,1.0092122443351135,8,0.6302521008403361,7.633053221288516,4.551820728291316,90.96638655462185,0.0,0.0,0.0,False,,51.65378952026367,19.39775910364146,0.21008403361344538,4
,SE of Cabinet Mountains Wilderness (48.0°N 115.0°W),Act 2,Act 2 scenario,3,Core-habitat-forward,s1,1174.0,0.552854061126709,0.2679738700389862,0.9248706102371216,0.33946481347084045,0.9573248624801636,0.3895706534385681,0.4974125027656555,0.2856014370918274,2.117256350931524,0.7254028107266701,1.4746509328538566,0.3003623496726012,0.81949383020401,1.0162846640656846,5,0.0,0.0,3.0664395229982966,9.710391822827939,0.17035775127768313,0.0,0.0,False,,48.19990921020508,1.2776831345826234,0.0,2
,NE of Tū Łī́dlini (Ross River) (65.3°N 128.2°W),Act 2,Act 2 scenario,1,Carbon-forward,s4,1142.0,0.37938258051872253,0.047385621815919876,0.059659164398908615,0.45738494396209717,0.05042155086994171,0.8094046115875244,0.5308122038841248,0.7062042355537415,0.38630420119256653,0.8968059841720488,0.4957078650573816,11.340515950265381,0.8534959554672241,1.0481474866235074,5,99.82486865148861,0.0,0.0,51.92644483362522,0.0,0.0,0.0,False,,65.29808807373047,0.0,0.0,2
,SW of Wells Gray Park (51.8°N 120.3°W),Act 2,Act 2 scenario,3,Core-habitat-forward,s1,1044.0,0.5852115154266357,0.23366014659404755,0.9033328890800476,0.32073774933815,0.8984405994415283,0.4972188174724579,0.8560873866081238,0.08709453791379929,1.9428096932228434,0.6968569813552086,1.3912897580674792,0.6359273068112933,1.264731526374817,0.8036993257093926,6,0.0,0.0,1.2452107279693485,77.29885057471265,2.9693486590038316,0.0,0.0,False,,51.55341720581055,22.701149425287355,0.0,3
,W of Eagle Cap Wilderness (45.0°N 118.2°W),Act 2,Act 2 scenario,1,Core-habitat-forward,s1,1009.0,0.540917694568634,0.3415032923221588,0.9465124011039734,0.23856498301029205,0.9274389147758484,0.2796247601509094,0.7825379967689514,0.24606889486312866,2.4253843644757014,0.6145850186651552,1.4337318665038938,0.13896778831401566,1.1323684453964233,0.9892953915426747,6,0.0,0.0,14.271555996035678,100.0,0.0,0.0,0.0,False,,44.96186065673828,11.59563924677899,0.0,2
,E of Liard River Corridor Park (59.5°N 123.9°W),Act 2,Act 2 scenario,4,Carbon-forward,s4,759.0,0.30053091049194336,0.04575163498520851,0.26742520928382874,0.4319043755531311,0.599690854549408,0.9237561821937561,0.46241578459739685,0.42245855927467346,0.5654897095387628,0.8929158194277511,1.0648848228196366,4.457726533185973,0.7863305807113647,1.0018733102435224,4,33.860342555994734,0.0,0.0,100.0,0.0,0.0,0.0,False,,59.65591049194336,0.0,0.0,2
,SW of Gros Ventre Wilderness (42.3°N 111.1°W),Act 2,Act 2 scenario,2,Core-habitat-forward,s1,688.0,0.46192431449890137,0.2679738700389862,0.9511731266975403,0.3069986402988434,0.5964473485946655,0.3070048391819,0.7220628261566162,0.24756546318531036,2.398018816936964,0.7680904768659004,1.0632997926919763,0.0811579232662089,1.1423320770263672,0.9955047116646992,12,0.0,0.5813953488372093,0.0,100.0,0.7267441860465116,0.0,0.0,False,,42.245975494384766,0.0,0.0,2
,NE of Nahanni National Park Reserve Of Canada (62.2°N 125.3°W),Act 2,Act 2 scenario,2,Carbon-forward,s4,561.0,0.3235585391521454,0.07516340166330338,0.19162476062774658,0.8577278852462769,0.0954846441745758,0.779591977596283,0.5365056395530701,0.8856173157691956,0.5064019578241843,1.5512814327596882,0.5745786921704698,6.475619024919104,0.8568825125694275,1.0523783459804759,5,87.34402852049911,0.0,0.0,100.0,0.0,0.0,0.0,False,,62.2092399597168,18.181818181818183,0.0,2
9,S of Purcell Wilderness Conservancy Park (49.6°N 116.4°W),Act 2,Act 2 scenario,1,Biodiversity-forward,s3,529.0,0.6057180166244507,0.19117647409439087,0.7947419285774231,0.34661462903022766,0.912032425403595,0.4587255120277405,0.5986611843109131,0.20949873328208923,1.4934808745845274,0.7376738746960194,1.4058487044779007,0.6775339847872868,0.9281578063964844,0.9271347008078932,5,0.0,0.0,6.805293005671078,41.965973534971646,0.0,0.0,0.0,False,,49.58684539794922,25.51984877126654,0.3780718336483932,6
,NE of Nááts’Ihch’Oh National Park Reserve Of Canada (64.8°N 126.1°W),Act 2,Act 2 scenario,2,Carbon-forward,s4,528.0,0.19985394179821014,0.0049019609577953815,0.03250451385974884,0.4386240243911743,0.07541610300540924,0.7920383214950562,0.5691978335380554,0.6475937366485596,0.36509577499791396,0.8934397347830907,0.5311325493224237,6.524494656228258,0.8834198713302612,1.0468102270875266,4,96.40151515151516,0.0,0.0,76.89393939393939,0.0,0.0,0.0,False,,64.7225341796875,0.0,0.0,2
,NE of Tū Łī́dlini (Ross River) (63.3°N 130.2°W),Act 2,Act 2 scenario,2,Connectivity-forward,s2,493.0,0.3667289912700653,0.14705882966518402,0.44161561131477356,0.9563897252082825,0.15968406200408936,0.6800825595855713,0.7544934153556824,0.9007589817047119,0.7342844102100416,2.115698897484426,0.6469496158103551,2.3800987158673768,1.1009107828140259,1.0538269565783995,5,24.746450304259636,1.0141987829614605,0.0,100.0,0.0,0.0,0.0,False,,63.23796844482422,0.0,22.718052738336713,1
,S of Gros Ventre Wilderness (43.0°N 110.5°W),Act 2,Act 2 scenario,1,Core-habitat-forward,s1,398.0,0.4302065968513489,0.30882352590560913,0.9395567178726196,0.1432054042816162,0.6718383431434631,0.432484894990921,0.8241889476776123,0.3199672996997833,2.2128990037479364,0.34871590886944237,1.141994060456493,0.18858587843526353,1.2903385162353516,1.0232509284078637,7,0.0,0.0,0.0,100.0,0.0,0.0,0.0,False,,43.023311614990234,0.0,0.0,2
,E of Gros Ventre Wilderness (43.4°N 110.0°W),Act 2,Act 2 scenario,1,Core-habitat-forward,s1,383.0,0.4072467088699341,0.3104575276374817,0.9381657242774963,0.0997089371085167,0.620108425617218,0.4064108729362488,0.8708434104919434,0.36822426319122314,2.2072475890135466,0.27758170641951696,1.0883018906822883,0.16290869590892276,1.3755218982696533,1.0300293641589109,9,0.0,0.0,0.7832898172323759,100.0,0.0,0.0,0.0,False,,43.44816207885742,37.0757180156658,0.0,2
,S of Mount Robson Park (52.6°N 118.7°W),Act 2,Act 2 scenario,1,Core-habitat-forward,s1,370.0,0.585029125213623,0.09640523791313171,0.8810198903083801,0.4221913814544678,0.5030458569526672,0.6870028376579285,0.9599645733833313,0.6828399896621704,1.8807750271773234,0.9135826676863932,0.993070352442741,1.5603432026688169,1.582554817199707,1.0359787500313449,8,1.3513513513513513,0.0,5.135135135135135,100.0,0.0,0.0,0.0,False,,52.6059455871582,27.027027027027028,0.0,4
,N of Tū Łī́dlini (Ross River) (65.9°N 131.1°W),Act 2,Act 2 scenario,1,Carbon-forward,s4,353.0,0.4539613723754883,0.06535948067903519,0.04248940944671631,0.517086923122406,0.03388150408864021,0.8014403581619263,0.567855179309845,0.6796015501022339,0.37197740871478946,1.0136197831207476,0.4700347606742198,13.598260875838665,0.8834234476089478,1.0475605048240648,4,99.43342776203966,0.0,0.0,68.83852691218131,0.0,0.0,0.0,False,,65.8974609375,0.0,0.0,2
,NE of White Goat (52.4°N 116.5°W),Act 2,Act 2 scenario,1,Connectivity-forward,s2,311.0,0.5608252882957458,0.4313725531101227,0.938513457775116,0.6513180136680603,0.7254573702812195,0.48550286889076233,0.7636618614196777,0.5605073571205139,2.2271681574308606,1.8285510822644722,1.1978031126330422,0.7450523738410861,1.117935299873352,1.038956949225839,7,0.6430868167202572,2.2508038585209005,0.964630225080386,92.60450160771704,0.0,0.0,0.0,False,,52.41783905029297,18.971061093247588,0.0,2
,SE of Tombstone Natural Environment Park (64.4°N 137.8°W),Act 2,Act 2 scenario,1,Carbon-forward,s4,305.0,0.3931479752063751,0.129084974527359,0.44370007514953613,0.8773221373558044,0.1163007915019989,0.7777331471443176,0.39979103207588196,0.6686539649963379,0.7139764041278828,1.5427994838780712,0.5939681157901784,6.250355228546003,0.7265949845314026,1.0416458897155818,4,91.14754098360656,0.0,0.0,98.68852459016394,0.0,0.0,0.0,False,,64.3928451538086,7.213114754098362,0.0,2
,N of Granby Park (50.3°N 118.4°W),Act 2,Act 2 scenario,2,Carbon-forward,s4,303.0,0.6130848526954651,0.29901963472366333,0.8526498675346375,0.3794504404067993,0.9602740406990051,0.5030279159545898,0.6352561116218567,0.1353038251399994,1.7575373770299965,0.8002239028432954,1.4682094956014962,0.9390999778609781,0.9996406435966492,0.8676352581630444,5,0.0,0.0,7.920792079207921,49.504950495049506,0.0,0.0,0.0,False,,50.08477783203125,11.221122112211221,0.0,5
,SE of Washakie Wilderness (43.9°N 109.3°W),Act 2,Act 2 scenario,2,Core-habitat-forward,s1,294.0,0.5003779530525208,0.25653597712516785,0.9601297378540039,0.008113675750792027,0.42401114106178284,0.4562647342681885,0.9277557730674744,0.4469515085220337,2.622187627931224,0.1909743938836969,0.8737535137446488,0.20037280769042906,1.3642525672912598,1.0378314115055782,6,0.0,0.0,38.775510204081634,100.0,0.0,0.0,0.0,False,,44.07511901855469,47.27891156462585,0.0,3
,W of Frank Church River Of No Return Wilderness (45.1°N 115.7°W),Act 2,Act 2 scenario,2,Connectivity-forward,s2,265.0,0.5739671587944031,0.019607843831181526,0.7223643064498901,0.529384195804596,0.8584957122802734,0.38798847794532776,0.9652751684188843,0.34509846568107605,1.3880561154251505,1.5499078995356346,1.3491283453633856,0.353734318848401,1.5824024677276611,1.0263353333323186,6,0.0,0.7547169811320755,0.37735849056603776,100.0,0.0,0.0,0.0,False,,45.38772964477539,36.22641509433962,0.0,4
,Tū Łī́dlini (Ross River) vicinity (61.9°N 128.3°W),Act 2,Act 2 scenario,1,Connectivity-forward,s2,257.0,0.261228084564209,0.02450980432331562,0.3751268684864044,0.926703691482544,0.1944289654493332,0.6810718774795532,0.76079261302948,0.7030091285705566,0.6547714174967129,2.4862633072921545,0.6843399253008949,2.3007860390688273,1.141129493713379,1.0476426505934264,7,23.346303501945524,11.673151750972762,0.0,97.27626459143968,0.0,0.0,0.0,False,,61.871482849121094,0.0,42.023346303501945,2
,E of Eagle Cap Wilderness (45.4°N 117.1°W),Act 2,Act 2 scenario,1,Core-habitat-forward,s1,255.0,0.5800524950027466,0.34477126598358154,0.8932188153266907,0.2855721712112427,0.8286951184272766,0.3291178047657013,0.8110947608947754,0.23021093010902405,1.9983645220719763,0.6863971459376611,1.3213616859993742,0.10648778270799678,1.1969152688980103,0.979671038016773,6,0.0,0.0,8.235294117647058,100.0,0.0,0.0,0.0,False,,45.354888916015625,39.21568627450981,0.0,4
,SW of Gros Ventre Wilderness (42.6°N 111.1°W),Act 2,Act 2 scenario,1,Connectivity-forward,s2,226.0,0.5025956034660339,0.27941176295280457,0.8958196043968201,0.5710582733154297,0.6096557378768921,0.43264269828796387,0.894210696220398,0.2305964231491089,1.8432286739364192,2.110279499937624,1.0808789540310688,0.16784785636546545,1.3534376621246338,1.0010936995623854,8,0.0,11.946902654867257,0.0,100.0,0.0,0.0,0.0,False,,42.62471389770508,11.946902654867257,0.0,2
,S of Mount Robson Park (52.6°N 118.6°W),Act 2,Act 2 scenario,1,Carbon-forward,s4,224.0,0.566132664680481,0.08986928313970566,0.8545945882797241,0.3862742781639099,0.4450347125530243,0.7426134943962097,0.9684850573539734,0.726360023021698,1.8035413200417094,0.8406085660178491,0.9376915936749803,2.160675250286927,1.6350717544555664,1.045918893509259,8,6.696428571428571,0.0,4.910714285714286,100.0,0.0,0.0,0.0,False,,52.55130386352539,24.107142857142858,0.0,4
,SW of Lee Metcalf Wilderness (44.4°N 112.2°W),Act 2,Act 2 scenario,1,Connectivity-forward,s2,216.0,0.30625152587890625,0.05882352963089943,0.7010501623153687,0.5780848860740662,0.5943005681037903,0.24103495478630066,0.36584755778312683,0.24407559633255005,1.0791842688698268,2.8691652979198965,1.0793274360055345,0.04053966447391074,0.6665791869163513,1.0001389533678537,6,0.0,48.148148148148145,0.0,100.0,0.0,0.0,0.0,False,,44.44432830810547,0.0,0.0,2
,NE of Lee Metcalf Wilderness (45.5°N 111.1°W),Act 2,Act 2 scenario,1,Connectivity-forward,s2,202.0,0.27388694882392883,0.050653595477342606,0.5148181319236755,0.5047794580459595,0.8271608352661133,0.2637590765953064,0.9423288106918335,0.22636470198631287,0.7792785154806554,3.232339230427186,1.3137737364206497,0.07558932349398365,1.5733665227890015,0.9884729212907658,8,0.0,65.34653465346535,0.0,100.0,0.0,0.0,0.0,False,,45.543148040771484,4.455445544554455,0.0,2
,S of Tatlatui Park (56.7°N 127.4°W),Act 2,Act 2 scenario,1,Carbon-forward,s4,197.0,0.628064751625061,0.4444444477558136,0.9532179236412048,0.7437449097633362,0.2828238308429718,0.8031429052352905,0.9629155397415161,0.9706956148147583,2.4885093437858092,1.3619770907889222,0.7860139779870913,2.7499816752418607,1.552674651145935,1.0573122350625483,7,13.19796954314721,0.0,20.812182741116754,100.0,0.0,0.0,0.0,False,,56.73776626586914,30.456852791878177,0.0,4
,NE of White Goat (52.3°N 116.6°W),Act 2,Act 2 scenario,1,Carbon-forward,s4,189.0,0.5169277191162109,0.2549019753932953,0.9409523606300354,0.2209683358669281,0.38846370577812195,0.7915704250335693,0.7260876297950745,0.8926008939743042,2.353528287178504,0.5098471756878195,0.8879335927245179,3.637564913588868,1.0496758222579956,1.053927529998184,5,41.7989417989418,0.0,15.873015873015872,97.88359788359789,0.0,0.0,0.0,False,,52.32917785644531,10.052910052910052,0.0,2
,W of Nahanni National Park Reserve Of Canada (61.7°N 127.9°W),Act 2,Act 2 scenario,1,Carbon-forward,s4,174.0,0.34209489822387695,0.1388888955116272,0.3906416594982147,0.8384506106376648,0.1511308252811432,0.7824956774711609,0.7841752171516418,0.8413584232330322,0.6659659459643723,1.5732864505350093,0.6367579090068531,6.209117978935084,1.1897374391555786,1.0514707266329166,7,93.10344827586206,0.0,0.0,100.0,0.0,0.0,0.0,False,,61.67242431640625,1.1494252873563218,0.0,2
,E of Ddhaw Ghro (64.0°N 133.1°W),Act 2,Act 2 scenario,1,Connectivity-forward,s2,172.0,0.22544270753860474,0.09313725680112839,0.22759032249450684,0.9110327363014221,0.2328963577747345,0.5425705909729004,0.19949127733707428,0.8005591034889221,0.5332037574143317,2.5377592792591455,0.7306486628273338,0.8507350895310434,0.5034169554710388,1.0504372970586946,4,0.0,10.465116279069768,0.0,31.3953488372093,0.0,0.0,0.0,False,,64.0443344116211,0.0,0.0,2
,SW of Graham Laurier Park (56.4°N 123.5°W),Act 2,Act 2 scenario,1,Core-habitat-forward,s1,158.0,0.553176999092102,0.27450981736183167,0.8443561792373657,0.5579913854598999,0.3754960596561432,0.7437711358070374,0.8237001299858093,0.7809800505638123,1.5723803388019948,0.9702691953998892,0.8690445299373202,1.7806113545281197,1.1968330144882202,1.047503246525309,5,1.89873417721519,0.0,0.0,94.30379746835443,0.0,0.0,0.0,False,,56.36811447143555,51.26582278481012,0.0,4
10,NE of Gospel Hump Wilderness (45.8°N 115.5°W),Act 2,Act 2 scenario,1,Biodiversity-forward,s3,157.0,0.6431143879890442,0.529411792755127,0.7298563718795776,0.4642055034637451,0.9288703203201294,0.3290613889694214,0.9351915717124939,0.2958645522594452,1.2058453425641686,1.0571849151744854,1.420087436889526,0.7316701767617484,1.3988595008850098,1.0201079697618136,6,0.0,0.0,0.0,100.0,0.0,0.0,0.0,False,,45.79312515258789,14.64968152866242,0.0,6
,S of Wells Gray Park (51.2°N 119.4°W),Act 2,Act 2 scenario,1,Carbon-forward,s4,134.0,0.5933811068534851,0.41013070940971375,0.808312177658081,0.2617705762386322,0.8976548314094543,0.5029599070549011,0.5830987691879272,0.1758253127336502,1.3573271118515566,0.603468492937318,1.389858509974264,1.1504707099435705,0.9185121059417725,0.9148837947442761,5,0.0,0.0,0.0,21.641791044776117,1.4925373134328357,0.0,0.0,False,,51.165863037109375,17.16417910447761,0.0,5
,SW of Nj ‘Iinlii” Jjik (Fishing Branch) Habitat Protection Area (65.4°N 140.3°W),Act 2,Act 2 scenario,1,Carbon-forward,s4,133.0,0.3006044626235962,0.08169934898614883,0.2897510528564453,0.6821017265319824,0.11296284198760986,0.7840134501457214,0.49956265091896057,0.8324585556983948,0.5846779962693276,1.3091588681260578,0.5900968430217862,5.975744111026551,0.8181594610214233,1.0510944289320072,4,91.72932330827066,0.0,0.0,100.0,0.0,0.0,0.0,False,,65.43637084960938,0.0,0.0,2
,Tū Łī́dlini (Ross River) vicinity (61.4°N 131.1°W),Act 2,Act 2 scenario,1,Carbon-forward,s4,130.0,0.4105580747127533,0.14705882966518402,0.6626499891281128,0.6386874318122864,0.1930736005306244,0.8203631043434143,0.8764016032218933,0.789742648601532,0.9848449767988193,1.1227814993597791,0.680455750065196,7.588772569236521,1.2734239101409912,1.0500124996541627,5,93.07692307692308,0.0,0.0,100.0,0.0,0.0,0.0,False,,61.40703582763672,0.0,100.0,2
,NE of Dene Kʼéh Kusān (59.8°N 125.5°W),Act 2,Act 2 scenario,1,Carbon-forward,s4,130.0,0.28240320086479187,0.13071896135807037,0.3712337911128998,0.6744199991226196,0.18895387649536133,0.8031136393547058,0.6282581090927124,0.8825293183326721,0.6519648829901964,1.1885295998524965,0.6756224649329108,6.192989279801817,0.9544298648834229,1.0534289942614325,5,98.46153846153847,0.0,0.0,24.615384615384617,0.0,0.0,0.0,False,,59.77065658569336,0.0,60.0,2
,SE of Scapegoat Wilderness (47.0°N 112.0°W),Act 2,Act 2 scenario,1,Connectivity-forward,s2,119.0,0.2690311670303345,0.0,0.46692922711372375,0.5646339654922485,0.6445996165275574,0.13475540280342102,0.6856458187103271,0.22284181416034698,0.728014330252774,3.7636259213493286,1.13049128213102,0.0014688403101769953,1.0761085748672485,0.9783819721554419,6,0.0,54.621848739495796,0.0,100.0,2.5210084033613445,0.0,0.0,False,,46.99363327026367,0.0,0.0,2
,SW of Anaconda Pintler Wilderness (45.5°N 113.8°W),Act 2,Act 2 scenario,1,Connectivity-forward,s2,109.0,0.5218564867973328,0.28921571373939514,0.9193092584609985,0.5393053293228149,0.8873369693756104,0.2877447009086609,0.9172205924987793,0.382578581571579,2.118412255975696,1.9598743507653116,1.379861404868247,0.11754622228272367,1.3757126331329346,1.0318723588686585,7,0.0,11.009174311926607,14.678899082568808,100.0,0.0,0.0,0.0,False,,45.50592041015625,0.0,0.0,2
,N of Nahanni National Park Reserve Of Canada (62.7°N 126.6°W),Act 2,Act 2 scenario,1,Connectivity-forward,s2,109.0,0.18832826614379883,0.04084967449307442,0.19040989875793457,0.8916402459144592,0.22763656079769135,0.6283881664276123,0.515218198299408,0.7934326529502869,0.5055902273242598,2.4657500440819997,0.7244659975455583,1.1394786625299873,0.8461241126060486,1.0506661839462859,5,0.9174311926605505,7.339449541284404,0.0,100.0,0.0,0.0,0.0,False,,62.74182891845703,0.0,0.0,2
,NW of Gladstone Park (49.4°N 118.5°W),Act 2,Act 2 scenario,1,Biodiversity-forward,s3,108.0,0.6152565479278564,0.3055555522441864,0.7446721196174622,0.41098541021347046,0.9646761417388916,0.48947539925575256,0.45745405554771423,0.16721878945827484,1.2433728077815611,0.8468539452770819,1.4606924656672602,0.8020223788150318,0.7833073735237122,0.928507504114302,4,0.0,0.0,0.0,21.296296296296298,0.0,0.0,0.0,False,,49.42028045654297,0.9259259259259258,0.0,6
,N of Scapegoat Wilderness (47.5°N 112.8°W),Act 2,Act 2 scenario,1,Core-habitat-forward,s1,105.0,0.5240429639816284,0.3333333432674408,0.9185121655464172,0.48164603114128113,0.795985221862793,0.44984200596809387,0.7072135806083679,0.37197428941726685,2.026794741470029,1.0364499108243932,1.2811562143530892,0.24833374183750595,1.0142184495925903,1.0319507518246132,5,0.0,0.0,0.0,100.0,0.0,0.0,0.0,False,,47.48290252685547,58.0952380952381,0.0,2
