act,key,cid,cells,km2,meanF,minF,row,col,kept,lat,lon,name,complex,core_overlap_pct,residual_km2
Act 1,ensemble,13,412,412.0,0.9012905343422142,0.009803922,1862.7985436893205,888.8300970873786,True,53.39351332491338,-116.82089508643685,NE of Whitehorse Wildland (53.4°N 116.8°W),6,,
Act 1,ensemble,37,275,275.0,0.7105288302898407,0.48366013,2251.0072727272727,984.6981818181819,True,50.30645560772106,-114.18339706732988,S of Oh Ranch (50.3°N 114.2°W),3,,
Act 1,ensemble,60,214,214.0,0.9062137358656553,0.23202616,2331.892523364486,1007.7336448598131,True,49.66655260482715,-113.62690606861209,SE of Black Creek Wildland Park (49.7°N 113.6°W),1,,
Act 1,ensemble,52,96,96.0,0.8820295503246598,0.024509804,2289.21875,1011.90625,True,50.03023322736385,-113.6827058468733,E of Black Creek Wildland Park (50.0°N 113.7°W),2,,
Act 1,ensemble,51,29,29.0,0.9509240769106766,0.2647059,2285.655172413793,945.0,True,49.95145660782126,-114.65941635621174,S of Don Getty Wildland (50.0°N 114.7°W),4,,
Act 1,ensemble,62,15,15.0,0.8920479526122411,0.17156865,2325.4666666666667,932.9333333333333,True,49.598943789225714,-114.71857347024581,NW of Castle Provincial Park (49.6°N 114.7°W),5,,
Act 1,ensemble,55,9,9.0,0.9967320561408997,0.99673206,2311.0,941.4444444444445,False,49.73388270542637,-114.63788685398632,,-1,,
Act 1,ensemble,54,9,9.0,0.8970588379436069,0.8921569,2302.222222222222,1011.5555555555555,False,49.92083555922886,-113.65232368682238,,-1,,
Act 1,ensemble,59,7,7.0,0.8926237395831517,0.8872549,2313.0,1017.0,False,49.83918666200383,-113.5445057476552,,-1,,
Act 1,ensemble,61,6,6.0,0.9945533871650696,0.98366004,2320.5,937.5,False,49.64801121298217,-114.66732672592197,,-1,,
Act 1,ensemble,5,6,6.0,0.9229302505652109,0.9215686,1795.5,713.6666666666666,False,53.6059000370363,-119.74497766979184,,-1,,
Act 1,ensemble,58,6,6.0,0.9019607901573181,0.8888889,2312.5,1012.1666666666666,False,49.83578257355019,-113.61558288574604,,-1,,
Act 1,ensemble,6,5,5.0,0.9261437773704528,0.9215686,1798.8,703.8,False,53.55722306171295,-119.88252273290989,,-1,,
Act 1,ensemble,1,5,5.0,0.9248365759849548,0.9215686,1777.0,707.8,False,53.74778952923921,-119.90716759674307,,-1,,
Act 1,ensemble,20,5,5.0,0.7490196585655212,0.7173204,1999.4,882.4,False,52.23571868916368,-116.46051994354566,,-1,,
Act 1,ensemble,18,4,4.0,0.9967320561408997,0.99673206,1951.5,774.0,False,52.42849037170549,-118.24926957894533,,-1,,
Act 1,ensemble,41,4,4.0,0.9967320561408997,0.99673206,2250.0,946.5,False,50.251867561956054,-114.74078089239487,,-1,,
Act 1,ensemble,11,4,4.0,0.9379084706306458,0.9297385,1833.0,729.25,False,53.3258416430932,-119.36284849564291,,-1,,
Act 1,ensemble,49,4,4.0,0.6687091737985611,0.52287585,2273.75,978.5,False,50.106111305728106,-114.20919240418147,,-1,,
Act 1,ensemble,12,3,3.0,0.9297385811805725,0.9232026,1837.0,729.0,False,53.29192713069307,-119.35136657559461,,-1,,
Act 1,ensemble,3,3,3.0,0.9286492069562277,0.9264706,1789.0,714.6666666666666,False,53.66231028158619,-119.75510601874755,,-1,,
Act 1,ensemble,64,3,3.0,0.9117646813392639,0.9052288,2335.3333333333335,1014.3333333333334,False,49.648121857064844,-113.52273249942232,,-1,,
Act 1,ensemble,56,3,3.0,0.9030501047770182,0.89542484,2307.0,1012.0,False,49.88154895235521,-113.6329151301357,,-1,,
Act 1,ensemble,57,3,3.0,0.8954248428344727,0.8937909,2307.0,1017.0,False,49.88940757828946,-113.560726257891,,-1,,
Act 1,ensemble,53,3,3.0,0.8845315972963969,0.875817,2287.6666666666665,1014.3333333333334,False,50.047057862313174,-113.65180761061828,,-1,,
Act 1,ensemble,47,3,3.0,0.7630719145139059,0.69281054,2273.0,988.0,False,50.127781492500915,-114.07370886335941,,-1,,
Act 1,ensemble,44,3,3.0,0.7369281053543091,0.71078426,2267.3333333333335,980.3333333333334,False,50.16276481121419,-114.20070791354733,,-1,,
Act 1,ensemble,34,3,3.0,0.7086056669553121,0.70261437,2215.6666666666665,980.6666666666666,False,50.59567477965739,-114.34256010736414,,-1,,
Act 1,ensemble,46,2,2.0,0.9967320561408997,0.99673206,2269.5,946.0,False,50.088084352454466,-114.6915396953161,,-1,,
Act 1,ensemble,4,2,2.0,0.9281046092510223,0.92483664,1794.5,703.0,False,53.59138445773045,-119.9116001709472,,-1,,
Act 1,ensemble,2,2,2.0,0.9248366355895996,0.92483664,1785.5,713.5,False,53.68904244596154,-119.78662847308637,,-1,,
Act 1,ensemble,9,2,2.0,0.9215685725212097,0.9215686,1822.0,710.5,False,53.37798870172583,-119.69008160263743,,-1,,
Act 1,ensemble,10,2,2.0,0.9199345707893372,0.9199346,1824.5,712.5,False,53.36138730868326,-119.65000953593015,,-1,,
Act 1,ensemble,33,2,2.0,0.7197712659835815,0.7156863,2214.5,986.5,False,50.6149908599039,-114.26067622156833,,-1,,
Act 1,ensemble,45,2,2.0,0.7165032625198364,0.71568626,2268.0,984.5,False,50.163951571564,-114.13843953796514,,-1,,
Act 1,ensemble,22,2,2.0,0.7140522599220276,0.71078426,2005.0,855.5,False,52.13901428963804,-116.84460228186468,,-1,,
Act 1,ensemble,17,1,1.0,0.9967320561408997,0.99673206,1947.0,778.0,False,52.474015191466,-118.20543548578186,,-1,,
Act 1,ensemble,23,1,1.0,0.9967320561408997,0.99673206,2009.0,826.0,False,52.049887955150915,-117.27147638979032,,-1,,
Act 1,ensemble,26,1,1.0,0.9967320561408997,0.99673206,2031.0,838.0,False,51.88885179401832,-117.01850533164298,,-1,,
Act 1,ensemble,27,1,1.0,0.9967320561408997,0.99673206,2042.0,838.0,False,51.79697138581606,-116.98169331675147,,-1,,
Act 1,ensemble,30,1,1.0,0.9967320561408997,0.99673206,2095.0,873.0,False,51.41889045450063,-116.28989115431382,,-1,,
Act 1,ensemble,31,1,1.0,0.9967320561408997,0.99673206,2149.0,902.0,False,51.01952071092156,-115.69279946558329,,-1,,
Act 1,ensemble,32,1,1.0,0.9967320561408997,0.99673206,2171.0,905.0,False,50.840954810160625,-115.58108261253312,,-1,,
Act 1,ensemble,35,1,1.0,0.9967320561408997,0.99673206,2222.0,940.0,False,50.47496411831962,-114.91708284129236,,-1,,
Act 1,ensemble,38,1,1.0,0.9967320561408997,0.99673206,2239.0,946.0,False,50.342968655401236,-114.78004696735056,,-1,,
Act 1,ensemble,39,1,1.0,0.9967320561408997,0.99673206,2245.0,946.0,False,50.29281868067694,-114.76257040223462,,-1,,
Act 1,ensemble,40,1,1.0,0.9967320561408997,0.99673206,2247.0,946.0,False,50.27610299510288,-114.75675201199127,,-1,,
Act 1,ensemble,42,1,1.0,0.9967320561408997,0.99673206,2261.0,945.0,False,50.15743446458034,-114.73059916169079,,-1,,
Act 1,ensemble,43,1,1.0,0.9967320561408997,0.99673206,2266.0,945.0,False,50.115657092287535,-114.71612019137417,,-1,,
Act 1,ensemble,48,1,1.0,0.9967320561408997,0.99673206,2273.0,948.0,False,50.06217589578165,-114.6525312241825,,-1,,
Act 1,ensemble,63,1,1.0,0.9967320561408997,0.99673206,2331.0,934.0,False,49.55454639524798,-114.68744977378263,,-1,,
Act 1,ensemble,65,1,1.0,0.9967320561408997,0.99673206,2354.0,940.0,False,49.37257446521454,-114.53625426359548,,-1,,
Act 1,ensemble,66,1,1.0,0.9967320561408997,0.99673206,2395.0,962.0,False,49.06633716466588,-114.10858912479101,,-1,,
Act 1,ensemble,19,1,1.0,0.9787581562995911,0.97875816,1990.0,806.0,False,52.17010134206447,-117.6350895334778,,-1,,
Act 1,ensemble,25,1,1.0,0.9656863212585449,0.9656863,2014.0,866.0,False,52.08326832252765,-116.65778266704186,,-1,,
Act 1,ensemble,29,1,1.0,0.9624183177947998,0.9624183,2045.0,858.0,False,51.809222369834735,-116.6746615071228,,-1,,
Act 1,ensemble,24,1,1.0,0.9591503143310547,0.9591503,2011.0,865.0,False,52.106513202683274,-116.68265531581166,,-1,,
Act 1,ensemble,15,1,1.0,0.936274528503418,0.9362745,1908.0,773.0,False,52.789593958718385,-118.42121218860908,,-1,,
Act 1,ensemble,7,1,1.0,0.9281045794487,0.9281046,1808.0,707.0,False,53.4873195095863,-119.79778396067287,,-1,,
Act 1,ensemble,16,1,1.0,0.9281045794487,0.9281046,1942.0,775.0,False,52.509761198501906,-118.26834379381452,,-1,,
Act 1,ensemble,8,1,1.0,0.9248366355895996,0.92483664,1810.0,707.0,False,53.47063269395308,-119.78997915274238,,-1,,
Act 1,ensemble,14,1,1.0,0.9183006286621094,0.9183006,1887.0,764.0,False,52.94676397408108,-118.63382039388037,,-1,,
Act 1,ensemble,50,1,1.0,0.8888888955116272,0.8888889,2273.0,1015.0,False,50.17091489788873,-113.68222841046082,,-1,,
Act 1,ensemble,28,1,1.0,0.7826797366142273,0.78267974,2045.0,853.0,False,51.79994455163254,-116.74895396616185,,-1,,
Act 1,ensemble,21,1,1.0,0.7336600422859192,0.73366004,2004.0,858.0,False,52.15204845821092,-116.81056575165658,,-1,,
Act 1,ensemble,36,1,1.0,0.7303921580314636,0.73039216,2225.0,971.0,False,50.50165348067488,-114.45683136470812,,-1,,
Act 2,s1,56,467,467.0,0.7403955307711371,0.47058827,2252.5995717344754,985.0085653104925,True,50.29363508861562,-114.17439509376943,SE of Don Getty Wildland (50.3°N 114.2°W),1,41.54175588865096,273.0
Act 2,s1,15,412,412.0,0.9929802017919358,0.0,1862.7985436893205,888.8300970873786,False,53.39351332491338,-116.82089508643685,,-1,99.27184466019418,3.0
Act 2,s1,77,214,214.0,0.9934487814936682,0.27450982,2331.892523364486,1007.7336448598131,False,49.66655260482715,-113.62690606861209,,-1,99.06542056074767,2.0
Act 2,s1,69,96,96.0,0.9802900327097935,0.019607844,2289.21875,1011.90625,False,50.03023322736385,-113.6827058468733,,-1,97.91666666666667,2.0
Act 2,s1,63,57,57.0,0.6879945198694865,0.48039216,2270.8596491228072,985.3508771929825,True,50.14140548630086,-114.11808456254693,NE of Bob Creek Wildland (50.1°N 114.1°W),1,17.54385964912281,47.0
Act 2,s1,30,55,55.0,0.8039215738123113,0.28431374,2007.1818181818182,862.0181818181818,True,52.132917854098054,-116.73989455803196,SE of White Goat (52.1°N 116.7°W),3,7.2727272727272725,51.0
Act 2,s1,68,32,32.0,0.9371936284005642,0.48039216,2285.96875,944.90625,False,49.94868115888714,-114.65986661938537,,-1,84.375,5.0
Act 2,s1,53,29,29.0,0.7004733065078999,0.60784316,2226.862068965517,966.2413793103449,True,50.4782085036652,-114.52081286666065,S of Don Getty Wildland (50.5°N 114.5°W),1,3.4482758620689653,28.0
Act 2,s1,50,27,27.0,0.7269426451789008,0.4019608,2215.074074074074,982.6296296296297,True,50.60385368668949,-114.31558359358499,NE of Oh Ranch (50.6°N 114.3°W),2,18.51851851851852,22.0
Act 2,s1,55,19,19.0,0.6919504811889247,0.5686275,2232.5263157894738,975.5263157894736,True,50.44612471508025,-114.36931297457454,S of Oh Ranch (50.4°N 114.4°W),1,0.0,19.0
Act 2,s1,79,15,15.0,0.9111111124356588,0.27450982,2325.4666666666667,932.9333333333333,False,49.598943789225714,-114.71857347024581,,-1,86.66666666666667,2.0
Act 2,s1,22,13,13.0,0.767722487449646,0.7058824,1974.1538461538462,853.7692307692307,True,52.39383761296736,-116.97414358245663,SE of Jasper National Park Of Canada (52.4°N 117.0°W),4,0.0,13.0
Act 2,s1,71,9,9.0,1.0,1.0,2302.222222222222,1011.5555555555555,False,49.92083555922886,-113.65232368682238,,-1,100.0,0.0
Act 2,s1,72,9,9.0,1.0,1.0,2311.0,941.4444444444445,False,49.73388270542637,-114.63788685398632,,-1,100.0,0.0
Act 2,s1,29,9,9.0,0.8071895572874281,0.7254902,1999.0,882.6666666666666,False,52.239557999621496,-116.45783732217453,,-1,55.55555555555556,4.0
Act 2,s1,76,7,7.0,1.0,1.0,2313.0,1017.0,False,49.83918666200383,-113.5445057476552,,-1,100.0,0.0
Act 2,s1,34,7,7.0,0.7352941376822335,0.67647064,2024.142857142857,864.8571428571429,False,51.99630685057768,-116.64133171470137,,-1,0.0,7.0
Act 2,s1,7,6,6.0,1.0,1.0,1795.5,713.6666666666666,False,53.6059000370363,-119.74497766979184,,-1,100.0,0.0
Act 2,s1,75,6,6.0,1.0,1.0,2312.5,1012.1666666666666,False,49.83578257355019,-113.61558288574604,,-1,100.0,0.0
Act 2,s1,78,6,6.0,1.0,1.0,2320.5,937.5,False,49.64801121298217,-114.66732672592197,,-1,100.0,0.0
Act 2,s1,3,5,5.0,1.0,1.0,1777.0,707.8,False,53.74778952923921,-119.90716759674307,,-1,100.0,0.0
Act 2,s1,8,5,5.0,1.0,1.0,1798.8,703.8,False,53.55722306171295,-119.88252273290989,,-1,100.0,0.0
Act 2,s1,13,4,4.0,1.0,1.0,1833.0,729.25,False,53.3258416430932,-119.36284849564291,,-1,100.0,0.0
Act 2,s1,21,4,4.0,1.0,1.0,1951.5,774.0,False,52.42849037170549,-118.24926957894533,,-1,100.0,0.0
Act 2,s1,61,4,4.0,1.0,1.0,2250.0,946.5,False,50.251867561956054,-114.74078089239487,,-1,100.0,0.0
Act 2,s1,2,4,4.0,0.7230392247438431,0.7058824,1751.5,743.5,False,54.037139380847464,-119.45914946476371,,-1,0.0,4.0
Act 2,s1,5,3,3.0,1.0,1.0,1789.0,714.6666666666666,False,53.66231028158619,-119.75510601874755,,-1,100.0,0.0
Act 2,s1,14,3,3.0,1.0,1.0,1837.0,729.0,False,53.29192713069307,-119.35136657559461,,-1,100.0,0.0
Act 2,s1,70,3,3.0,1.0,1.0,2287.6666666666665,1014.3333333333334,False,50.047057862313174,-113.65180761061828,,-1,100.0,0.0
Act 2,s1,73,3,3.0,1.0,1.0,2307.0,1012.0,False,49.88154895235521,-113.6329151301357,,-1,100.0,0.0
Act 2,s1,74,3,3.0,1.0,1.0,2307.0,1017.0,False,49.88940757828946,-113.560726257891,,-1,100.0,0.0
Act 2,s1,81,3,3.0,1.0,1.0,2335.3333333333335,1014.3333333333334,False,49.648121857064844,-113.52273249942232,,-1,100.0,0.0
Act 2,s1,27,3,3.0,0.8104575276374817,0.754902,1991.0,870.3333333333334,False,52.28378351227828,-116.66917156668087,,-1,0.0,3.0
Act 2,s1,48,3,3.0,0.7843137383460999,0.7745098,2210.0,984.0,False,50.64858307344219,-114.31006247718896,,-1,0.0,3.0
Act 2,s1,18,3,3.0,0.7287582159042358,0.7156863,1916.6666666666667,848.0,False,52.86423720386866,-117.25744458491103,,-1,0.0,3.0
Act 2,s1,4,2,2.0,1.0,1.0,1785.5,713.5,False,53.68904244596154,-119.78662847308637,,-1,100.0,0.0
Act 2,s1,6,2,2.0,1.0,1.0,1794.5,703.0,False,53.59138445773045,-119.9116001709472,,-1,100.0,0.0
Act 2,s1,11,2,2.0,1.0,1.0,1822.0,710.5,False,53.37798870172583,-119.69008160263743,,-1,100.0,0.0
Act 2,s1,12,2,2.0,1.0,1.0,1824.5,712.5,False,53.36138730868326,-119.65000953593015,,-1,100.0,0.0
Act 2,s1,65,2,2.0,1.0,1.0,2269.5,946.0,False,50.088084352454466,-114.6915396953161,,-1,100.0,0.0
Act 2,s1,39,2,2.0,0.9117647111415863,0.8235294,2045.0,853.5,False,51.80087379459636,-116.7415258841357,,-1,50.0,1.0
Act 2,s1,9,1,1.0,1.0,1.0,1808.0,707.0,False,53.4873195095863,-119.79778396067287,,-1,100.0,0.0
Act 2,s1,10,1,1.0,1.0,1.0,1810.0,707.0,False,53.47063269395308,-119.78997915274238,,-1,100.0,0.0
Act 2,s1,16,1,1.0,1.0,1.0,1887.0,764.0,False,52.94676397408108,-118.63382039388037,,-1,100.0,0.0
Act 2,s1,17,1,1.0,1.0,1.0,1908.0,773.0,False,52.789593958718385,-118.42121218860908,,-1,100.0,0.0
Act 2,s1,19,1,1.0,1.0,1.0,1942.0,775.0,False,52.509761198501906,-118.26834379381452,,-1,100.0,0.0
Act 2,s1,20,1,1.0,1.0,1.0,1947.0,778.0,False,52.474015191466,-118.20543548578186,,-1,100.0,0.0
Act 2,s1,26,1,1.0,1.0,1.0,1990.0,806.0,False,52.17010134206447,-117.6350895334778,,-1,100.0,0.0
Act 2,s1,31,1,1.0,1.0,1.0,2009.0,826.0,False,52.049887955150915,-117.27147638979032,,-1,100.0,0.0
Act 2,s1,33,1,1.0,1.0,1.0,2014.0,866.0,False,52.08326832252765,-116.65778266704186,,-1,100.0,0.0
Act 2,s1,37,1,1.0,1.0,1.0,2031.0,838.0,False,51.88885179401832,-117.01850533164298,,-1,100.0,0.0
Act 2,s1,38,1,1.0,1.0,1.0,2042.0,838.0,False,51.79697138581606,-116.98169331675147,,-1,100.0,0.0
Act 2,s1,40,1,1.0,1.0,1.0,2045.0,858.0,False,51.809222369834735,-116.6746615071228,,-1,100.0,0.0
Act 2,s1,41,1,1.0,1.0,1.0,2095.0,873.0,False,51.41889045450063,-116.28989115431382,,-1,100.0,0.0
Act 2,s1,43,1,1.0,1.0,1.0,2149.0,902.0,False,51.01952071092156,-115.69279946558329,,-1,100.0,0.0
Act 2,s1,44,1,1.0,1.0,1.0,2171.0,905.0,False,50.840954810160625,-115.58108261253312,,-1,100.0,0.0
Act 2,s1,52,1,1.0,1.0,1.0,2222.0,940.0,False,50.47496411831962,-114.91708284129236,,-1,100.0,0.0
Act 2,s1,58,1,1.0,1.0,1.0,2239.0,946.0,False,50.342968655401236,-114.78004696735056,,-1,100.0,0.0
Act 2,s1,59,1,1.0,1.0,1.0,2245.0,946.0,False,50.29281868067694,-114.76257040223462,,-1,100.0,0.0
Act 2,s1,60,1,1.0,1.0,1.0,2247.0,946.0,False,50.27610299510288,-114.75675201199127,,-1,100.0,0.0
Act 2,s1,62,1,1.0,1.0,1.0,2261.0,945.0,False,50.15743446458034,-114.73059916169079,,-1,100.0,0.0
Act 2,s1,64,1,1.0,1.0,1.0,2266.0,945.0,False,50.115657092287535,-114.71612019137417,,-1,100.0,0.0
Act 2,s1,66,1,1.0,1.0,1.0,2273.0,948.0,False,50.06217589578165,-114.6525312241825,,-1,100.0,0.0
Act 2,s1,67,1,1.0,1.0,1.0,2273.0,1015.0,False,50.17091489788873,-113.68222841046082,,-1,100.0,0.0
Act 2,s1,80,1,1.0,1.0,1.0,2331.0,934.0,False,49.55454639524798,-114.68744977378263,,-1,100.0,0.0
Act 2,s1,82,1,1.0,1.0,1.0,2354.0,940.0,False,49.37257446521454,-114.53625426359548,,-1,100.0,0.0
Act 2,s1,83,1,1.0,1.0,1.0,2395.0,962.0,False,49.06633716466588,-114.10858912479101,,-1,100.0,0.0
Act 2,s1,25,1,1.0,0.8333333730697632,0.8333334,1988.0,869.0,False,52.306423460012724,-116.69914358248067,,-1,0.0,1.0
Act 2,s1,32,1,1.0,0.7941176891326904,0.7941177,2011.0,828.0,False,52.0369910629408,-117.23486609785176,,-1,0.0,1.0
Act 2,s1,24,1,1.0,0.7549020051956177,0.754902,1985.0,875.0,False,52.34266708225718,-116.61907363896147,,-1,0.0,1.0
Act 2,s1,47,1,1.0,0.7549020051956177,0.754902,2207.0,985.0,False,50.67534206093379,-114.30401794134409,,-1,0.0,1.0
Act 2,s1,57,1,1.0,0.7549020051956177,0.754902,2236.0,969.0,False,50.40631993342704,-114.4543705815435,,-1,0.0,1.0
Act 2,s1,42,1,1.0,0.7352941036224365,0.7352941,2123.0,981.0,False,51.37262084187378,-114.6066419197062,,-1,0.0,1.0
Act 2,s1,45,1,1.0,0.7352941036224365,0.7352941,2197.0,979.0,False,50.74922626067052,-114.4205385114948,,-1,0.0,1.0
Act 2,s1,23,1,1.0,0.7254902124404907,0.7254902,1983.0,876.0,False,52.361266703239636,-116.61069338514086,,-1,0.0,1.0
Act 2,s1,28,1,1.0,0.7254902124404907,0.7254902,1996.0,872.0,False,52.245014406681896,-116.62760037432358,,-1,0.0,1.0
Act 2,s1,35,1,1.0,0.7254902124404907,0.7254902,2027.0,869.0,False,51.980061504487736,-116.57013665533006,,-1,0.0,1.0
Act 2,s1,54,1,1.0,0.7254902124404907,0.7254902,2225.0,975.0,False,50.508243468079556,-114.39852073829618,,-1,0.0,1.0
Act 2,s1,46,1,1.0,0.7156863212585449,0.7156863,2199.0,982.0,False,50.73741516611237,-114.37085501028805,,-1,0.0,1.0
Act 2,s1,49,1,1.0,0.7156863212585449,0.7156863,2210.0,979.0,False,50.64037839490809,-114.38315037105791,,-1,0.0,1.0
Act 2,s1,1,1,1.0,0.7058823704719543,0.7058824,1751.0,736.0,False,54.025424496048664,-119.57655920177378,,-1,0.0,1.0
Act 2,s1,36,1,1.0,0.7058823704719543,0.7058824,2030.0,892.0,False,51.99701347911682,-116.21717383658574,,-1,0.0,1.0
Act 2,s1,51,1,1.0,0.7058823704719543,0.7058824,2220.0,983.0,False,50.56321956381041,-114.29611010413937,,-1,0.0,1.0
Act 2,s2,55,900,900.0,0.791688467197948,0.28431374,2247.3888888888887,983.48,True,50.334754383462574,-114.21132552304725,S of Oh Ranch (50.3°N 114.2°W),1,23.22222222222222,691.0
Act 2,s2,19,412,412.0,0.9930039977166548,0.0,1862.7985436893205,888.8300970873786,False,53.39351332491338,-116.82089508643685,,-1,99.27184466019418,3.0
Act 2,s2,77,214,214.0,0.9937694704978266,0.3137255,2331.892523364486,1007.7336448598131,False,49.66655260482715,-113.62690606861209,,-1,99.06542056074767,2.0
Act 2,s2,69,96,96.0,0.9819240196763227,0.09803922,2289.21875,1011.90625,False,50.03023322736385,-113.6827058468733,,-1,97.91666666666667,2.0
Act 2,s2,57,51,51.0,0.7118416121777367,0.2254902,2225.529411764706,967.6274509803922,True,50.49165186899639,-114.50445885105624,SW of Oh Ranch (50.5°N 114.5°W),1,1.9607843137254901,50.0
Act 2,s2,68,29,29.0,0.9496281280599791,0.19607845,2285.655172413793,945.0,False,49.95145660782126,-114.65941635621174,,-1,93.10344827586206,2.0
Act 2,s2,28,19,19.0,0.9045407677951612,0.7254902,1997.3157894736842,884.1052631578947,True,52.25630298675442,-116.44180266984638,E of White Goat (52.3°N 116.4°W),2,26.31578947368421,14.0
Act 2,s2,2,16,16.0,0.6893382519483566,0.5294118,1648.4375,737.3125,True,54.88771331552726,-119.96369531048582,Upper Smoky SRP planning area vicinity (54.9°N 120.0°W),5,0.0,16.0
Act 2,s2,79,15,15.0,0.8941176484028498,0.14705883,2325.4666666666667,932.9333333333333,False,49.598943789225714,-114.71857347024581,,-1,86.66666666666667,2.0
Act 2,s2,30,13,13.0,0.7647058963775635,0.64705884,2004.923076923077,858.3846153846154,True,52.14504458756565,-116.8017364367687,S of White Goat (52.1°N 116.8°W),3,23.076923076923077,10.0
Act 2,s2,23,12,12.0,0.8251634140809377,0.6666667,1916.3333333333333,848.8333333333334,True,52.868621538529936,-117.24597828121209,SE of Whitehorse Wildland (52.9°N 117.2°W),4,0.0,12.0
Act 2,s2,71,9,9.0,1.0,1.0,2302.222222222222,1011.5555555555555,False,49.92083555922886,-113.65232368682238,,-1,100.0,0.0
Act 2,s2,72,9,9.0,1.0,1.0,2311.0,941.4444444444445,False,49.73388270542637,-114.63788685398632,,-1,100.0,0.0
Act 2,s2,76,7,7.0,1.0,1.0,2313.0,1017.0,False,49.83918666200383,-113.5445057476552,,-1,100.0,0.0
Act 2,s2,11,6,6.0,1.0,1.0,1795.5,713.6666666666666,False,53.6059000370363,-119.74497766979184,,-1,100.0,0.0
Act 2,s2,75,6,6.0,1.0,1.0,2312.5,1012.1666666666666,False,49.83578257355019,-113.61558288574604,,-1,100.0,0.0
Act 2,s2,78,6,6.0,1.0,1.0,2320.5,937.5,False,49.64801121298217,-114.66732672592197,,-1,100.0,0.0
Act 2,s2,31,6,6.0,0.8529411852359772,0.64705884,2010.5,879.8333333333334,False,52.13806827063425,-116.4625102276561,,-1,0.0,6.0
Act 2,s2,7,5,5.0,1.0,1.0,1777.0,707.8,False,53.74778952923921,-119.90716759674307,,-1,100.0,0.0
Act 2,s2,12,5,5.0,1.0,1.0,1798.8,703.8,False,53.55722306171295,-119.88252273290989,,-1,100.0,0.0
Act 2,s2,17,4,4.0,1.0,1.0,1833.0,729.25,False,53.3258416430932,-119.36284849564291,,-1,100.0,0.0
Act 2,s2,26,4,4.0,1.0,1.0,1951.5,774.0,False,52.42849037170549,-118.24926957894533,,-1,100.0,0.0
Act 2,s2,61,4,4.0,1.0,1.0,2250.0,946.5,False,50.251867561956054,-114.74078089239487,,-1,100.0,0.0
Act 2,s2,9,3,3.0,1.0,1.0,1789.0,714.6666666666666,False,53.66231028158619,-119.75510601874755,,-1,100.0,0.0
Act 2,s2,18,3,3.0,1.0,1.0,1837.0,729.0,False,53.29192713069307,-119.35136657559461,,-1,100.0,0.0
Act 2,s2,70,3,3.0,1.0,1.0,2287.6666666666665,1014.3333333333334,False,50.047057862313174,-113.65180761061828,,-1,100.0,0.0
Act 2,s2,73,3,3.0,1.0,1.0,2307.0,1012.0,False,49.88154895235521,-113.6329151301357,,-1,100.0,0.0
Act 2,s2,74,3,3.0,1.0,1.0,2307.0,1017.0,False,49.88940757828946,-113.560726257891,,-1,100.0,0.0
Act 2,s2,81,3,3.0,1.0,1.0,2335.3333333333335,1014.3333333333334,False,49.648121857064844,-113.52273249942232,,-1,100.0,0.0
Act 2,s2,4,3,3.0,0.7320261597633362,0.7058824,1656.6666666666667,744.3333333333334,False,54.83381763753432,-119.82083650988847,,-1,0.0,3.0
Act 2,s2,47,3,3.0,0.7058823704719543,0.6862745,2129.0,982.0,False,51.32397641314955,-114.5741971358108,,-1,0.0,3.0
Act 2,s2,8,2,2.0,1.0,1.0,1785.5,713.5,False,53.68904244596154,-119.78662847308637,,-1,100.0,0.0
Act 2,s2,10,2,2.0,1.0,1.0,1794.5,703.0,False,53.59138445773045,-119.9116001709472,,-1,100.0,0.0
Act 2,s2,15,2,2.0,1.0,1.0,1822.0,710.5,False,53.37798870172583,-119.69008160263743,,-1,100.0,0.0
Act 2,s2,16,2,2.0,1.0,1.0,1824.5,712.5,False,53.36138730868326,-119.65000953593015,,-1,100.0,0.0
Act 2,s2,65,2,2.0,1.0,1.0,2269.5,946.0,False,50.088084352454466,-114.6915396953161,,-1,100.0,0.0
Act 2,s2,86,2,2.0,0.8333333730697632,0.7941177,2410.5,1007.0,False,49.00815974676377,-113.4272082529824,,-1,0.0,2.0
Act 2,s2,45,2,2.0,0.779411792755127,0.7156863,2123.0,981.5,False,51.37345433029825,-114.59923778572495,,-1,0.0,2.0
Act 2,s2,52,2,2.0,0.7450980544090271,0.7352941,2198.5,982.0,False,50.74160238369511,-114.37229186385666,,-1,0.0,2.0
Act 2,s2,1,2,2.0,0.7401960790157318,0.7352941,1599.0,748.5,False,55.32737219912417,-119.98865748852224,,-1,0.0,2.0
Act 2,s2,40,2,2.0,0.7254902124404907,0.7058824,2058.5,989.0,False,51.92727196730634,-114.67883397796194,,-1,0.0,2.0
Act 2,s2,6,2,2.0,0.7205882668495178,0.7156863,1665.5,748.0,False,54.767559185407436,-119.72823492853571,,-1,0.0,2.0
Act 2,s2,22,2,2.0,0.7205882668495178,0.7156863,1909.5,845.5,False,52.919492869003925,-117.32010559131825,,-1,0.0,2.0
Act 2,s2,13,1,1.0,1.0,1.0,1808.0,707.0,False,53.4873195095863,-119.79778396067287,,-1,100.0,0.0
Act 2,s2,14,1,1.0,1.0,1.0,1810.0,707.0,False,53.47063269395308,-119.78997915274238,,-1,100.0,0.0
Act 2,s2,20,1,1.0,1.0,1.0,1887.0,764.0,False,52.94676397408108,-118.63382039388037,,-1,100.0,0.0
Act 2,s2,21,1,1.0,1.0,1.0,1908.0,773.0,False,52.789593958718385,-118.42121218860908,,-1,100.0,0.0
Act 2,s2,24,1,1.0,1.0,1.0,1942.0,775.0,False,52.509761198501906,-118.26834379381452,,-1,100.0,0.0
Act 2,s2,25,1,1.0,1.0,1.0,1947.0,778.0,False,52.474015191466,-118.20543548578186,,-1,100.0,0.0
Act 2,s2,27,1,1.0,1.0,1.0,1990.0,806.0,False,52.17010134206447,-117.6350895334778,,-1,100.0,0.0
Act 2,s2,32,1,1.0,1.0,1.0,2009.0,826.0,False,52.049887955150915,-117.27147638979032,,-1,100.0,0.0
Act 2,s2,33,1,1.0,1.0,1.0,2011.0,865.0,False,52.106513202683274,-116.68265531581166,,-1,100.0,0.0
Act 2,s2,34,1,1.0,1.0,1.0,2014.0,866.0,False,52.08326832252765,-116.65778266704186,,-1,100.0,0.0
Act 2,s2,35,1,1.0,1.0,1.0,2031.0,838.0,False,51.88885179401832,-117.01850533164298,,-1,100.0,0.0
Act 2,s2,36,1,1.0,1.0,1.0,2042.0,838.0,False,51.79697138581606,-116.98169331675147,,-1,100.0,0.0
Act 2,s2,37,1,1.0,1.0,1.0,2045.0,853.0,False,51.79994455163254,-116.74895396616185,,-1,100.0,0.0
Act 2,s2,38,1,1.0,1.0,1.0,2045.0,858.0,False,51.809222369834735,-116.6746615071228,,-1,100.0,0.0
Act 2,s2,43,1,1.0,1.0,1.0,2095.0,873.0,False,51.41889045450063,-116.28989115431382,,-1,100.0,0.0
Act 2,s2,48,1,1.0,1.0,1.0,2149.0,902.0,False,51.01952071092156,-115.69279946558329,,-1,100.0,0.0
Act 2,s2,50,1,1.0,1.0,1.0,2171.0,905.0,False,50.840954810160625,-115.58108261253312,,-1,100.0,0.0
Act 2,s2,56,1,1.0,1.0,1.0,2222.0,940.0,False,50.47496411831962,-114.91708284129236,,-1,100.0,0.0
Act 2,s2,58,1,1.0,1.0,1.0,2239.0,946.0,False,50.342968655401236,-114.78004696735056,,-1,100.0,0.0
Act 2,s2,59,1,1.0,1.0,1.0,2245.0,946.0,False,50.29281868067694,-114.76257040223462,,-1,100.0,0.0
Act 2,s2,60,1,1.0,1.0,1.0,2247.0,946.0,False,50.27610299510288,-114.75675201199127,,-1,100.0,0.0
Act 2,s2,63,1,1.0,1.0,1.0,2261.0,945.0,False,50.15743446458034,-114.73059916169079,,-1,100.0,0.0
Act 2,s2,64,1,1.0,1.0,1.0,2266.0,945.0,False,50.115657092287535,-114.71612019137417,,-1,100.0,0.0
Act 2,s2,66,1,1.0,1.0,1.0,2273.0,948.0,False,50.06217589578165,-114.6525312241825,,-1,100.0,0.0
Act 2,s2,67,1,1.0,1.0,1.0,2273.0,1015.0,False,50.17091489788873,-113.68222841046082,,-1,100.0,0.0
Act 2,s2,80,1,1.0,1.0,1.0,2331.0,934.0,False,49.55454639524798,-114.68744977378263,,-1,100.0,0.0
Act 2,s2,82,1,1.0,1.0,1.0,2354.0,940.0,False,49.37257446521454,-114.53625426359548,,-1,100.0,0.0
Act 2,s2,83,1,1.0,1.0,1.0,2395.0,962.0,False,49.06633716466588,-114.10858912479101,,-1,100.0,0.0
Act 2,s2,42,1,1.0,0.9019607901573181,0.9019608,2062.0,910.0,False,51.76142020824604,-115.84662906598386,,-1,0.0,1.0
Act 2,s2,49,1,1.0,0.8333333730697632,0.8333334,2163.0,938.0,False,50.964957050320606,-115.12170204836873,,-1,0.0,1.0
Act 2,s2,54,1,1.0,0.8333333730697632,0.8333334,2207.0,985.0,False,50.67534206093379,-114.30401794134409,,-1,0.0,1.0
Act 2,s2,3,1,1.0,0.7941176891326904,0.7941177,1645.0,741.0,False,54.924555862128074,-119.91989119559464,,-1,0.0,1.0
Act 2,s2,62,1,1.0,0.7745097875595093,0.7745098,2250.0,998.0,False,50.33639263688383,-113.99283322520706,,-1,0.0,1.0
Act 2,s2,51,1,1.0,0.7647058963775635,0.7647059,2197.0,979.0,False,50.74922626067052,-114.4205385114948,,-1,0.0,1.0
Act 2,s2,41,1,1.0,0.7352941036224365,0.7352941,2060.0,909.0,False,51.77638596237739,-115.86783229243353,,-1,0.0,1.0
Act 2,s2,84,1,1.0,0.7352941036224365,0.7352941,2409.0,1009.0,False,49.023801754585136,-113.40273516197911,,-1,0.0,1.0
Act 2,s2,87,1,1.0,0.7352941036224365,0.7352941,2412.0,1013.0,False,49.004922517543704,-113.3379560238108,,-1,0.0,1.0
Act 2,s2,29,1,1.0,0.7156863212585449,0.7156863,2002.0,878.0,False,52.205858955446665,-116.51789214506132,,-1,0.0,1.0
Act 2,s2,39,1,1.0,0.7156863212585449,0.7156863,2057.0,986.0,False,51.934832999232434,-114.72820138673504,,-1,0.0,1.0
Act 2,s2,53,1,1.0,0.7156863212585449,0.7156863,2200.0,984.0,False,50.7323246469108,-114.33870073947881,,-1,0.0,1.0
Act 2,s2,5,1,1.0,0.7058823704719543,0.7058824,1662.0,788.0,False,54.88174164175493,-119.11648410126612,,-1,0.0,1.0
Act 2,s2,44,1,1.0,0.7058823704719543,0.7058824,2114.0,987.0,False,51.45809213842759,-114.5441934916974,,-1,0.0,1.0
Act 2,s2,46,1,1.0,0.7058823704719543,0.7058824,2124.0,984.0,False,51.3692307136499,-114.55927643696896,,-1,0.0,1.0
Act 2,s2,85,1,1.0,0.7058823704719543,0.7058824,2409.0,1011.0,False,49.02690280733202,-113.37429332720068,,-1,0.0,1.0
Act 2,s3,13,412,412.0,0.9932181611431093,0.019607844,1862.7985436893205,888.8300970873786,False,53.39351332491338,-116.82089508643685,,-1,99.27184466019418,3.0
Act 2,s3,38,324,324.0,0.7170479453088324,0.38235295,2252.0833333333335,985.6574074074074,True,50.299008820367625,-114.16642319892762,S of Oh Ranch (50.3°N 114.2°W),1,58.95061728395062,133.0
Act 2,s3,64,214,214.0,0.9933113433490289,0.25490198,2331.892523364486,1007.7336448598131,False,49.66655260482715,-113.62690606861209,,-1,99.06542056074767,2.0
Act 2,s3,56,96,96.0,0.9804942811218401,0.0,2289.21875,1011.90625,False,50.03023322736385,-113.6827058468733,,-1,97.91666666666667,2.0
Act 2,s3,55,29,29.0,0.9459093988969408,0.12745099,2285.655172413793,945.0,False,49.95145660782126,-114.65941635621174,,-1,93.10344827586206,2.0
Act 2,s3,66,15,15.0,0.9000000009934107,0.18627451,2325.4666666666667,932.9333333333333,False,49.598943789225714,-114.71857347024581,,-1,86.66666666666667,2.0
Act 2,s3,58,9,9.0,1.0,1.0,2302.222222222222,1011.5555555555555,False,49.92083555922886,-113.65232368682238,,-1,100.0,0.0
Act 2,s3,59,9,9.0,1.0,1.0,2311.0,941.4444444444445,False,49.73388270542637,-114.63788685398632,,-1,100.0,0.0
Act 2,s3,47,8,8.0,0.6973039284348488,0.5,2267.75,982.0,False,50.16198751955346,-114.17537886697191,,-1,62.5,3.0
Act 2,s3,63,7,7.0,1.0,1.0,2313.0,1017.0,False,49.83918666200383,-113.5445057476552,,-1,100.0,0.0
Act 2,s3,34,7,7.0,0.7338935817990985,0.7156863,2215.285714285714,980.5714285714286,False,50.598707785991515,-114.3450413033156,,-1,42.857142857142854,4.0
Act 2,s3,5,6,6.0,1.0,1.0,1795.5,713.6666666666666,False,53.6059000370363,-119.74497766979184,,-1,100.0,0.0
Act 2,s3,62,6,6.0,1.0,1.0,2312.5,1012.1666666666666,False,49.83578257355019,-113.61558288574604,,-1,100.0,0.0
Act 2,s3,65,6,6.0,1.0,1.0,2320.5,937.5,False,49.64801121298217,-114.66732672592197,,-1,100.0,0.0
Act 2,s3,35,6,6.0,0.7271241943041483,0.57843137,2215.8333333333335,986.1666666666666,False,50.60328184573917,-114.26174669560247,,-1,33.333333333333336,4.0
Act 2,s3,1,5,5.0,1.0,1.0,1777.0,707.8,False,53.74778952923921,-119.90716759674307,,-1,100.0,0.0
Act 2,s3,6,5,5.0,1.0,1.0,1798.8,703.8,False,53.55722306171295,-119.88252273290989,,-1,100.0,0.0
Act 2,s3,11,4,4.0,1.0,1.0,1833.0,729.25,False,53.3258416430932,-119.36284849564291,,-1,100.0,0.0
Act 2,s3,18,4,4.0,1.0,1.0,1951.5,774.0,False,52.42849037170549,-118.24926957894533,,-1,100.0,0.0
Act 2,s3,42,4,4.0,1.0,1.0,2250.0,946.5,False,50.251867561956054,-114.74078089239487,,-1,100.0,0.0
Act 2,s3,52,4,4.0,0.6838235557079315,0.5294118,2273.75,978.5,False,50.106111305728106,-114.20919240418147,,-1,75.0,1.0
Act 2,s3,3,3,3.0,1.0,1.0,1789.0,714.6666666666666,False,53.66231028158619,-119.75510601874755,,-1,100.0,0.0
Act 2,s3,12,3,3.0,1.0,1.0,1837.0,729.0,False,53.29192713069307,-119.35136657559461,,-1,100.0,0.0
Act 2,s3,57,3,3.0,1.0,1.0,2287.6666666666665,1014.3333333333334,False,50.047057862313174,-113.65180761061828,,-1,100.0,0.0
Act 2,s3,60,3,3.0,1.0,1.0,2307.0,1012.0,False,49.88154895235521,-113.6329151301357,,-1,100.0,0.0
Act 2,s3,61,3,3.0,1.0,1.0,2307.0,1017.0,False,49.88940757828946,-113.560726257891,,-1,100.0,0.0
Act 2,s3,68,3,3.0,1.0,1.0,2335.3333333333335,1014.3333333333334,False,49.648121857064844,-113.52273249942232,,-1,100.0,0.0
Act 2,s3,50,3,3.0,0.8202614386876425,0.7352941,2273.0,988.0,False,50.127781492500915,-114.07370886335941,,-1,66.66666666666667,1.0
Act 2,s3,33,3,3.0,0.7320261597633362,0.7156863,2210.0,984.0,False,50.64858307344219,-114.31006247718896,,-1,0.0,3.0
Act 2,s3,2,2,2.0,1.0,1.0,1785.5,713.5,False,53.68904244596154,-119.78662847308637,,-1,100.0,0.0
Act 2,s3,4,2,2.0,1.0,1.0,1794.5,703.0,False,53.59138445773045,-119.9116001709472,,-1,100.0,0.0
Act 2,s3,9,2,2.0,1.0,1.0,1822.0,710.5,False,53.37798870172583,-119.69008160263743,,-1,100.0,0.0
Act 2,s3,10,2,2.0,1.0,1.0,1824.5,712.5,False,53.36138730868326,-119.65000953593015,,-1,100.0,0.0
Act 2,s3,48,2,2.0,1.0,1.0,2269.5,946.0,False,50.088084352454466,-114.6915396953161,,-1,100.0,0.0
Act 2,s3,45,2,2.0,0.7254902124404907,0.7156863,2263.0,999.5,False,50.22997038071238,-113.93480085053201,,-1,0.0,2.0
Act 2,s3,7,1,1.0,1.0,1.0,1808.0,707.0,False,53.4873195095863,-119.79778396067287,,-1,100.0,0.0
Act 2,s3,8,1,1.0,1.0,1.0,1810.0,707.0,False,53.47063269395308,-119.78997915274238,,-1,100.0,0.0
Act 2,s3,14,1,1.0,1.0,1.0,1887.0,764.0,False,52.94676397408108,-118.63382039388037,,-1,100.0,0.0
Act 2,s3,15,1,1.0,1.0,1.0,1908.0,773.0,False,52.789593958718385,-118.42121218860908,,-1,100.0,0.0
Act 2,s3,16,1,1.0,1.0,1.0,1942.0,775.0,False,52.509761198501906,-118.26834379381452,,-1,100.0,0.0
Act 2,s3,17,1,1.0,1.0,1.0,1947.0,778.0,False,52.474015191466,-118.20543548578186,,-1,100.0,0.0
Act 2,s3,19,1,1.0,1.0,1.0,1990.0,806.0,False,52.17010134206447,-117.6350895334778,,-1,100.0,0.0
Act 2,s3,20,1,1.0,1.0,1.0,2009.0,826.0,False,52.049887955150915,-117.27147638979032,,-1,100.0,0.0
Act 2,s3,21,1,1.0,1.0,1.0,2011.0,865.0,False,52.106513202683274,-116.68265531581166,,-1,100.0,0.0
Act 2,s3,22,1,1.0,1.0,1.0,2014.0,866.0,False,52.08326832252765,-116.65778266704186,,-1,100.0,0.0
Act 2,s3,23,1,1.0,1.0,1.0,2031.0,838.0,False,51.88885179401832,-117.01850533164298,,-1,100.0,0.0
Act 2,s3,24,1,1.0,1.0,1.0,2042.0,838.0,False,51.79697138581606,-116.98169331675147,,-1,100.0,0.0
Act 2,s3,25,1,1.0,1.0,1.0,2045.0,858.0,False,51.809222369834735,-116.6746615071228,,-1,100.0,0.0
Act 2,s3,27,1,1.0,1.0,1.0,2095.0,873.0,False,51.41889045450063,-116.28989115431382,,-1,100.0,0.0
Act 2,s3,29,1,1.0,1.0,1.0,2149.0,902.0,False,51.01952071092156,-115.69279946558329,,-1,100.0,0.0
Act 2,s3,30,1,1.0,1.0,1.0,2171.0,905.0,False,50.840954810160625,-115.58108261253312,,-1,100.0,0.0
Act 2,s3,36,1,1.0,1.0,1.0,2222.0,940.0,False,50.47496411831962,-114.91708284129236,,-1,100.0,0.0
Act 2,s3,39,1,1.0,1.0,1.0,2239.0,946.0,False,50.342968655401236,-114.78004696735056,,-1,100.0,0.0
Act 2,s3,40,1,1.0,1.0,1.0,2245.0,946.0,False,50.29281868067694,-114.76257040223462,,-1,100.0,0.0
Act 2,s3,41,1,1.0,1.0,1.0,2247.0,946.0,False,50.27610299510288,-114.75675201199127,,-1,100.0,0.0
Act 2,s3,44,1,1.0,1.0,1.0,2261.0,945.0,False,50.15743446458034,-114.73059916169079,,-1,100.0,0.0
Act 2,s3,46,1,1.0,1.0,1.0,2266.0,945.0,False,50.115657092287535,-114.71612019137417,,-1,100.0,0.0
Act 2,s3,51,1,1.0,1.0,1.0,2273.0,948.0,False,50.06217589578165,-114.6525312241825,,-1,100.0,0.0
Act 2,s3,54,1,1.0,1.0,1.0,2273.0,1015.0,False,50.17091489788873,-113.68222841046082,,-1,100.0,0.0
Act 2,s3,67,1,1.0,1.0,1.0,2331.0,934.0,False,49.55454639524798,-114.68744977378263,,-1,100.0,0.0
Act 2,s3,69,1,1.0,1.0,1.0,2354.0,940.0,False,49.37257446521454,-114.53625426359548,,-1,100.0,0.0
Act 2,s3,70,1,1.0,1.0,1.0,2395.0,962.0,False,49.06633716466588,-114.10858912479101,,-1,100.0,0.0
Act 2,s3,37,1,1.0,0.7745097875595093,0.7745098,2225.0,971.0,False,50.50165348067488,-114.45683136470812,,-1,100.0,0.0
Act 2,s3,28,1,1.0,0.7352941036224365,0.7352941,2123.0,981.0,False,51.37262084187378,-114.6066419197062,,-1,0.0,1.0
Act 2,s3,31,1,1.0,0.7254902124404907,0.7254902,2197.0,979.0,False,50.74922626067052,-114.4205385114948,,-1,0.0,1.0
Act 2,s3,43,1,1.0,0.7254902124404907,0.7254902,2250.0,998.0,False,50.33639263688383,-113.99283322520706,,-1,0.0,1.0
Act 2,s3,26,1,1.0,0.7156863212585449,0.7156863,2058.0,989.0,False,51.931471296520634,-114.68032732796823,,-1,0.0,1.0
Act 2,s3,32,1,1.0,0.7156863212585449,0.7156863,2207.0,985.0,False,50.67534206093379,-114.30401794134409,,-1,0.0,1.0
Act 2,s3,49,1,1.0,0.7156863212585449,0.7156863,2269.0,993.0,False,50.16931199991642,-114.01240775051018,,-1,0.0,1.0
Act 2,s3,53,1,1.0,0.7156863212585449,0.7156863,2273.0,984.0,False,50.121312410749894,-114.13165326609716,,-1,0.0,1.0
Act 2,s4,57,412,412.0,0.9930991814336152,0.0,1862.7985436893205,888.8300970873786,False,53.39351332491338,-116.82089508643685,,-1,99.27184466019418,3.0
Act 2,s4,93,341,341.0,0.7220401536684232,0.39215687,2251.302052785924,984.6598240469208,True,50.30392646265722,-114.1831226008961,S of Oh Ranch (50.3°N 114.2°W),5,56.89149560117302,147.0
Act 2,s4,119,214,214.0,0.9931739052043898,0.2647059,2331.892523364486,1007.7336448598131,False,49.66655260482715,-113.62690606861209,,-1,99.06542056074767,2.0
Act 2,s4,111,96,96.0,0.9797794117669886,0.0,2289.21875,1011.90625,False,50.03023322736385,-113.6827058468733,,-1,97.91666666666667,2.0
Act 2,s4,10,56,56.0,0.6846988956843104,0.47058824,1643.2857142857142,742.8928571428571,True,54.94304430681666,-119.89717854240054,Upper Smoky SRP planning area vicinity (54.9°N 119.9°W),2,0.0,56.0
Act 2,s4,41,46,46.0,0.689045197289923,0.4117647,1694.5434782608695,822.0434782608696,True,54.67811710637442,-118.45881144577358,E of Upper Smoky SRP planning area (54.7°N 118.5°W),1,0.0,46.0
Act 2,s4,15,33,33.0,0.7355912264549371,0.49019608,1662.4545454545455,747.3939393939394,True,54.79181994603433,-119.74985796416189,Upper Smoky SRP planning area vicinity (54.8°N 119.7°W),2,0.0,33.0
Act 2,s4,109,29,29.0,0.9580797840809,0.34313726,2285.655172413793,945.0,False,49.95145660782126,-114.65941635621174,,-1,93.10344827586206,2.0
Act 2,s4,42,25,25.0,0.7070588374137878,0.5294118,1692.28,812.92,True,54.6785628432964,-118.60998549881681,Upper Smoky SRP planning area vicinity (54.7°N 118.6°W),1,0.0,25.0
Act 2,s4,33,20,20.0,0.7171568810939789,0.63725495,1682.35,807.0,True,54.74996993814172,-118.74041061299513,Upper Smoky SRP planning area vicinity (54.7°N 118.7°W),1,0.0,20.0
Act 2,s4,121,15,15.0,0.8960784325997034,0.14705883,2325.4666666666667,932.9333333333333,False,49.598943789225714,-114.71857347024581,,-1,86.66666666666667,2.0
Act 2,s4,43,15,15.0,0.6921568771203359,0.47058824,1697.6,831.0,True,54.6705265875674,-118.30727792798653,E of Upper Smoky SRP planning area (54.7°N 118.3°W),1,0.0,15.0
Act 2,s4,2,14,14.0,0.7156862914562225,0.61764705,1600.5,749.7142857142857,True,55.31739519934685,-119.96339537888669,N of Upper Smoky SRP planning area (55.3°N 120.0°W),4,0.0,14.0
Act 2,s4,14,13,13.0,0.7533936821497403,0.7058824,1650.5384615384614,775.3846153846154,True,54.95159564929441,-119.35917152309047,N of Upper Smoky SRP planning area (55.0°N 119.4°W),3,0.0,13.0
Act 2,s4,34,10,10.0,0.7009804129600525,0.59803927,1677.0,816.2,True,54.81388799661081,-118.61680254482881,Upper Smoky SRP planning area vicinity (54.8°N 118.6°W),1,0.0,10.0
Act 2,s4,113,9,9.0,1.0,1.0,2302.222222222222,1011.5555555555555,False,49.92083555922886,-113.65232368682238,,-1,100.0,0.0
Act 2,s4,114,9,9.0,1.0,1.0,2311.0,941.4444444444445,False,49.73388270542637,-114.63788685398632,,-1,100.0,0.0
Act 2,s4,18,9,9.0,0.7233115567101372,0.65686274,1661.7777777777778,755.6666666666666,False,54.8152263426559,-119.6233246255808,,-1,0.0,9.0
Act 2,s4,65,8,8.0,0.8161764889955521,0.7058824,1998.75,883.0,False,52.24226350061868,-116.45366210437719,,-1,62.5,3.0
Act 2,s4,16,8,8.0,0.7450980618596077,0.7254902,1657.75,761.875,False,54.86230406581023,-119.54224668074708,,-1,0.0,8.0
Act 2,s4,85,8,8.0,0.7169117778539658,0.7058824,2215.5,980.625,False,50.59700172155126,-114.34364559651175,,-1,37.5,5.0
Act 2,s4,102,8,8.0,0.6911764889955521,0.4901961,2267.75,982.0,False,50.16198751955346,-114.17537886697191,,-1,62.5,3.0
Act 2,s4,118,7,7.0,1.0,1.0,2313.0,1017.0,False,49.83918666200383,-113.5445057476552,,-1,100.0,0.0
Act 2,s4,49,6,6.0,1.0,1.0,1795.5,713.6666666666666,False,53.6059000370363,-119.74497766979184,,-1,100.0,0.0
Act 2,s4,117,6,6.0,1.0,1.0,2312.5,1012.1666666666666,False,49.83578257355019,-113.61558288574604,,-1,100.0,0.0
Act 2,s4,120,6,6.0,1.0,1.0,2320.5,937.5,False,49.64801121298217,-114.66732672592197,,-1,100.0,0.0
Act 2,s4,86,6,6.0,0.7385621269543966,0.5882353,2215.8333333333335,986.1666666666666,False,50.60328184573917,-114.26174669560247,,-1,33.333333333333336,4.0
Act 2,s4,25,6,6.0,0.7091503441333771,0.64705884,1669.3333333333333,773.1666666666666,False,54.788917180518816,-119.31994939371036,,-1,0.0,6.0
Act 2,s4,44,6,6.0,0.6830065548419952,0.60784316,1700.0,838.3333333333334,False,54.6650789056119,-118.1836230627077,,-1,0.0,6.0
Act 2,s4,45,5,5.0,1.0,1.0,1777.0,707.8,False,53.74778952923921,-119.90716759674307,,-1,100.0,0.0
Act 2,s4,50,5,5.0,1.0,1.0,1798.8,703.8,False,53.55722306171295,-119.88252273290989,,-1,100.0,0.0
Act 2,s4,104,5,5.0,0.7313725709915161,0.54901963,2273.4,988.6,False,50.12540341751013,-114.06389815748341,,-1,40.0,3.0
Act 2,s4,55,4,4.0,1.0,1.0,1833.0,729.25,False,53.3258416430932,-119.36284849564291,,-1,100.0,0.0
Act 2,s4,63,4,4.0,1.0,1.0,1951.5,774.0,False,52.42849037170549,-118.24926957894533,,-1,100.0,0.0
Act 2,s4,99,4,4.0,1.0,1.0,2250.0,946.5,False,50.251867561956054,-114.74078089239487,,-1,100.0,0.0
Act 2,s4,66,4,4.0,0.7254902273416519,0.7058824,2004.75,856.5,False,52.14297404899685,-116.83048885329326,,-1,75.0,1.0
Act 2,s4,39,4,4.0,0.7181372791528702,0.7058824,1686.75,818.25,False,54.73599502819214,-118.5476331891508,,-1,0.0,4.0
Act 2,s4,106,4,4.0,0.6911765038967133,0.5196079,2273.75,978.5,False,50.106111305728106,-114.20919240418147,,-1,75.0,1.0
Act 2,s4,23,4,4.0,0.6323529481887817,0.5,1668.5,757.0,False,54.76162621329388,-119.57580369356599,,-1,0.0,4.0
Act 2,s4,47,3,3.0,1.0,1.0,1789.0,714.6666666666666,False,53.66231028158619,-119.75510601874755,,-1,100.0,0.0
Act 2,s4,56,3,3.0,1.0,1.0,1837.0,729.0,False,53.29192713069307,-119.35136657559461,,-1,100.0,0.0
Act 2,s4,112,3,3.0,1.0,1.0,2287.6666666666665,1014.3333333333334,False,50.047057862313174,-113.65180761061828,,-1,100.0,0.0
Act 2,s4,115,3,3.0,1.0,1.0,2307.0,1012.0,False,49.88154895235521,-113.6329151301357,,-1,100.0,0.0
Act 2,s4,116,3,3.0,1.0,1.0,2307.0,1017.0,False,49.88940757828946,-113.560726257891,,-1,100.0,0.0
Act 2,s4,123,3,3.0,1.0,1.0,2335.3333333333335,1014.3333333333334,False,49.648121857064844,-113.52273249942232,,-1,100.0,0.0
Act 2,s4,37,3,3.0,0.8104575276374817,0.7058824,1681.6666666666667,823.3333333333334,False,54.78915727375133,-118.48731304442992,,-1,0.0,3.0
Act 2,s4,11,3,3.0,0.7712418437004089,0.7058824,1648.6666666666667,753.0,False,54.919630508958015,-119.7173334841837,,-1,0.0,3.0
Act 2,s4,84,3,3.0,0.741830070813497,0.7352941,2210.0,984.0,False,50.64858307344219,-114.31006247718896,,-1,0.0,3.0
Act 2,s4,28,3,3.0,0.7222222487131754,0.7156863,1673.3333333333333,774.6666666666666,False,54.758466907706875,-119.28082482655513,,-1,0.0,3.0
Act 2,s4,46,2,2.0,1.0,1.0,1785.5,713.5,False,53.68904244596154,-119.78662847308637,,-1,100.0,0.0
Act 2,s4,48,2,2.0,1.0,1.0,1794.5,703.0,False,53.59138445773045,-119.9116001709472,,-1,100.0,0.0
Act 2,s4,53,2,2.0,1.0,1.0,1822.0,710.5,False,53.37798870172583,-119.69008160263743,,-1,100.0,0.0
Act 2,s4,54,2,2.0,1.0,1.0,1824.5,712.5,False,53.36138730868326,-119.65000953593015,,-1,100.0,0.0
Act 2,s4,103,2,2.0,1.0,1.0,2269.5,946.0,False,50.088084352454466,-114.6915396953161,,-1,100.0,0.0
Act 2,s4,21,2,2.0,0.7647058963775635,0.74509805,1662.0,787.5,False,54.88069507139168,-119.1243184918903,,-1,0.0,2.0
Act 2,s4,77,2,2.0,0.7401960790157318,0.7058824,2058.5,989.0,False,51.92727196730634,-114.67883397796194,,-1,0.0,2.0
Act 2,s4,36,2,2.0,0.7156862914562225,0.7058824,1681.0,801.5,False,54.74998632384212,-118.83161782697984,,-1,0.0,2.0
Act 2,s4,90,2,2.0,0.7156862914562225,0.7058824,2226.0,968.5,False,50.48915740021732,-114.49038912476679,,-1,0.0,2.0
Act 2,s4,91,2,2.0,0.7156862914562225,0.7058824,2230.5,964.0,False,50.44406233317098,-114.54296301835636,,-1,0.0,2.0
Act 2,s4,22,2,2.0,0.7058823704719543,0.7058824,1664.5,773.5,False,54.83023984969589,-119.33372027317871,,-1,0.0,2.0
Act 2,s4,32,2,2.0,0.7058823704719543,0.7058824,1676.0,800.5,False,54.78998267088409,-118.86649245750898,,-1,0.0,2.0
Act 2,s4,51,1,1.0,1.0,1.0,1808.0,707.0,False,53.4873195095863,-119.79778396067287,,-1,100.0,0.0
Act 2,s4,52,1,1.0,1.0,1.0,1810.0,707.0,False,53.47063269395308,-119.78997915274238,,-1,100.0,0.0
Act 2,s4,58,1,1.0,1.0,1.0,1887.0,764.0,False,52.94676397408108,-118.63382039388037,,-1,100.0,0.0
Act 2,s4,59,1,1.0,1.0,1.0,1908.0,773.0,False,52.789593958718385,-118.42121218860908,,-1,100.0,0.0
Act 2,s4,61,1,1.0,1.0,1.0,1942.0,775.0,False,52.509761198501906,-118.26834379381452,,-1,100.0,0.0
Act 2,s4,62,1,1.0,1.0,1.0,1947.0,778.0,False,52.474015191466,-118.20543548578186,,-1,100.0,0.0
Act 2,s4,64,1,1.0,1.0,1.0,1990.0,806.0,False,52.17010134206447,-117.6350895334778,,-1,100.0,0.0
Act 2,s4,67,1,1.0,1.0,1.0,2009.0,826.0,False,52.049887955150915,-117.27147638979032,,-1,100.0,0.0
Act 2,s4,69,1,1.0,1.0,1.0,2011.0,865.0,False,52.106513202683274,-116.68265531581166,,-1,100.0,0.0
Act 2,s4,70,1,1.0,1.0,1.0,2014.0,866.0,False,52.08326832252765,-116.65778266704186,,-1,100.0,0.0
Act 2,s4,72,1,1.0,1.0,1.0,2031.0,838.0,False,51.88885179401832,-117.01850533164298,,-1,100.0,0.0
Act 2,s4,73,1,1.0,1.0,1.0,2042.0,838.0,False,51.79697138581606,-116.98169331675147,,-1,100.0,0.0
Act 2,s4,75,1,1.0,1.0,1.0,2045.0,858.0,False,51.809222369834735,-116.6746615071228,,-1,100.0,0.0
Act 2,s4,78,1,1.0,1.0,1.0,2095.0,873.0,False,51.41889045450063,-116.28989115431382,,-1,100.0,0.0
Act 2,s4,80,1,1.0,1.0,1.0,2149.0,902.0,False,51.01952071092156,-115.69279946558329,,-1,100.0,0.0
Act 2,s4,81,1,1.0,1.0,1.0,2171.0,905.0,False,50.840954810160625,-115.58108261253312,,-1,100.0,0.0
Act 2,s4,87,1,1.0,1.0,1.0,2222.0,940.0,False,50.47496411831962,-114.91708284129236,,-1,100.0,0.0
Act 2,s4,94,1,1.0,1.0,1.0,2239.0,946.0,False,50.342968655401236,-114.78004696735056,,-1,100.0,0.0
Act 2,s4,96,1,1.0,1.0,1.0,2245.0,946.0,False,50.29281868067694,-114.76257040223462,,-1,100.0,0.0
Act 2,s4,98,1,1.0,1.0,1.0,2247.0,946.0,False,50.27610299510288,-114.75675201199127,,-1,100.0,0.0
Act 2,s4,100,1,1.0,1.0,1.0,2261.0,945.0,False,50.15743446458034,-114.73059916169079,,-1,100.0,0.0
Act 2,s4,101,1,1.0,1.0,1.0,2266.0,945.0,False,50.115657092287535,-114.71612019137417,,-1,100.0,0.0
Act 2,s4,105,1,1.0,1.0,1.0,2273.0,948.0,False,50.06217589578165,-114.6525312241825,,-1,100.0,0.0
Act 2,s4,108,1,1.0,1.0,1.0,2273.0,1015.0,False,50.17091489788873,-113.68222841046082,,-1,100.0,0.0
Act 2,s4,122,1,1.0,1.0,1.0,2331.0,934.0,False,49.55454639524798,-114.68744977378263,,-1,100.0,0.0
Act 2,s4,124,1,1.0,1.0,1.0,2354.0,940.0,False,49.37257446521454,-114.53625426359548,,-1,100.0,0.0
Act 2,s4,125,1,1.0,1.0,1.0,2395.0,962.0,False,49.06633716466588,-114.10858912479101,,-1,100.0,0.0
Act 2,s4,74,1,1.0,0.8333333730697632,0.8333334,2045.0,853.0,False,51.79994455163254,-116.74895396616185,,-1,100.0,0.0
Act 2,s4,71,1,1.0,0.7843137383460999,0.78431374,2029.0,982.0,False,52.16327634894712,-114.87251498604121,,-1,0.0,1.0
Act 2,s4,89,1,1.0,0.7843137383460999,0.78431374,2225.0,971.0,False,50.50165348067488,-114.45683136470812,,-1,100.0,0.0
Act 2,s4,3,1,1.0,0.7745097875595093,0.7745098,1600.0,765.0,False,55.35465441506283,-119.7242228337463,,-1,0.0,1.0
Act 2,s4,5,1,1.0,0.7745097875595093,0.7745098,1610.0,756.0,False,55.25110382184596,-119.82576497031023,,-1,0.0,1.0
Act 2,s4,30,1,1.0,0.7745097875595093,0.7745098,1674.0,790.0,False,54.78499382532617,-119.03851265490046,,-1,0.0,1.0
Act 2,s4,6,1,1.0,0.7647058963775635,0.7647059,1615.0,760.0,False,55.217668923679135,-119.74258041681854,,-1,0.0,1.0
Act 2,s4,40,1,1.0,0.7647058963775635,0.7647059,1686.0,827.0,False,54.76011615985456,-118.41350020771593,,-1,0.0,1.0
Act 2,s4,19,1,1.0,0.7450980544090271,0.74509805,1659.0,799.0,False,54.92992982829996,-118.95566700110246,,-1,0.0,1.0
Act 2,s4,26,1,1.0,0.7450980544090271,0.74509805,1669.0,802.0,False,54.85198963425004,-118.86997129687411,,-1,0.0,1.0
Act 2,s4,79,1,1.0,0.7450980544090271,0.74509805,2123.0,981.0,False,51.37262084187378,-114.6066419197062,,-1,0.0,1.0
Act 2,s4,1,1,1.0,0.7352941036224365,0.7352941,1587.0,758.0,False,55.44897764575289,-119.887531880829,,-1,0.0,1.0
Act 2,s4,8,1,1.0,0.7254902124404907,0.7254902,1626.0,743.0,False,55.08845778462282,-119.96539603011104,,-1,0.0,1.0
Act 2,s4,9,1,1.0,0.7254902124404907,0.7254902,1630.0,750.0,False,55.07000088591986,-119.83934047702945,,-1,0.0,1.0
Act 2,s4,13,1,1.0,0.7254902124404907,0.7254902,1649.0,766.0,False,54.944617483434016,-119.51237453287725,,-1,0.0,1.0
Act 2,s4,20,1,1.0,0.7254902124404907,0.7254902,1660.0,766.0,False,54.852173785251125,-119.46879739301063,,-1,0.0,1.0
Act 2,s4,27,1,1.0,0.7254902124404907,0.7254902,1671.0,804.0,False,54.83929538168516,-118.83093008772197,,-1,0.0,1.0
Act 2,s4,38,1,1.0,0.7254902124404907,0.7254902,1685.0,814.0,False,54.742037905883954,-118.62078186951453,,-1,0.0,1.0
Act 2,s4,88,1,1.0,0.7254902124404907,0.7254902,2222.0,966.0,False,50.51848663157271,-114.5383588278657,,-1,0.0,1.0
Act 2,s4,97,1,1.0,0.7254902124404907,0.7254902,2246.0,966.0,False,50.31772338503674,-114.46930914694249,,-1,0.0,1.0
Act 2,s4,17,1,1.0,0.7156863212585449,0.7156863,1656.0,778.0,False,54.91119354050524,-119.29667026449695,,-1,0.0,1.0
Act 2,s4,68,1,1.0,0.7156863212585449,0.7156863,2009.0,880.0,False,52.150931616703396,-116.4649379635318,,-1,0.0,1.0
Act 2,s4,82,1,1.0,0.7156863212585449,0.7156863,2197.0,979.0,False,50.74922626067052,-114.4205385114948,,-1,0.0,1.0
Act 2,s4,83,1,1.0,0.7156863212585449,0.7156863,2207.0,985.0,False,50.67534206093379,-114.30401794134409,,-1,0.0,1.0
Act 2,s4,95,1,1.0,0.7156863212585449,0.7156863,2242.0,970.0,False,50.3577748355423,-114.42263523354563,,-1,0.0,1.0
Act 2,s4,107,1,1.0,0.7156863212585449,0.7156863,2273.0,984.0,False,50.121312410749894,-114.13165326609716,,-1,0.0,1.0
Act 2,s4,4,1,1.0,0.7058823704719543,0.7058824,1605.0,747.0,False,55.273650932328174,-119.98784539585903,,-1,0.0,1.0
Act 2,s4,7,1,1.0,0.7058823704719543,0.7058824,1621.0,743.0,False,55.13046722757202,-119.98568822080667,,-1,0.0,1.0
Act 2,s4,12,1,1.0,0.7058823704719543,0.7058824,1648.0,756.0,False,54.93166456516538,-119.67302290859216,,-1,0.0,1.0
Act 2,s4,24,1,1.0,0.7058823704719543,0.7058824,1667.0,806.0,False,54.877096640159195,-118.81497496045608,,-1,0.0,1.0
Act 2,s4,29,1,1.0,0.7058823704719543,0.7058824,1673.0,805.0,False,54.824529179438464,-118.80757309078999,,-1,0.0,1.0
Act 2,s4,31,1,1.0,0.7058823704719543,0.7058824,1675.0,792.0,False,54.780750818624966,-119.00335226795609,,-1,0.0,1.0
Act 2,s4,35,1,1.0,0.7058823704719543,0.7058824,1680.0,814.0,False,54.784124509690606,-118.63982768501756,,-1,0.0,1.0
Act 2,s4,60,1,1.0,0.7058823704719543,0.7058824,1917.0,847.0,False,52.85953354884102,-117.27143194076692,,-1,0.0,1.0
Act 2,s4,76,1,1.0,0.7058823704719543,0.7058824,2057.0,986.0,False,51.934832999232434,-114.72820138673504,,-1,0.0,1.0
Act 2,s4,92,1,1.0,0.7058823704719543,0.7058824,2233.0,976.0,False,50.442938538712546,-114.36106113728644,,-1,0.0,1.0
Act 2,s4,110,1,1.0,0.7058823704719543,0.7058824,2275.0,992.0,False,50.11749510606248,-114.01017732433039,,-1,0.0,1.0
Act 1 (585),ensemble_585,13,412,412.0,0.9012548340172553,0.009803922,1862.7985436893205,888.8300970873786,True,53.39351332491338,-116.82089508643685,NE of Whitehorse Wildland (53.4°N 116.8°W),6,,
Act 1 (585),ensemble_585,39,310,310.0,0.7162239203529973,0.42156863,2251.3967741935485,985.0419354838709,True,50.303754665483176,-114.1773027404335,S of Oh Ranch (50.3°N 114.2°W),3,,
Act 1 (585),ensemble_585,61,214,214.0,0.9056868849792213,0.22549021,2331.892523364486,1007.7336448598131,True,49.66655260482715,-113.62690606861209,SE of Black Creek Wildland Park (49.7°N 113.6°W),1,,
Act 1 (585),ensemble_585,53,96,96.0,0.8817401976363423,0.022875817,2289.21875,1011.90625,True,50.03023322736385,-113.6827058468733,E of Black Creek Wildland Park (50.0°N 113.7°W),2,,
Act 1 (585),ensemble_585,52,29,29.0,0.9445571061866037,0.1764706,2285.655172413793,945.0,True,49.95145660782126,-114.65941635621174,S of Don Getty Wildland (50.0°N 114.7°W),4,,
Act 1 (585),ensemble_585,63,15,15.0,0.8934640298287074,0.18300654,2325.4666666666667,932.9333333333333,True,49.598943789225714,-114.71857347024581,NW of Castle Provincial Park (49.6°N 114.7°W),5,,
Act 1 (585),ensemble_585,56,9,9.0,0.9967319965362549,0.996732,2311.0,941.4444444444445,False,49.73388270542637,-114.63788685398632,,-1,,
Act 1 (585),ensemble_585,55,9,9.0,0.8968772623274062,0.89215684,2302.222222222222,1011.5555555555555,False,49.92083555922886,-113.65232368682238,,-1,,
Act 1 (585),ensemble_585,46,8,8.0,0.686274528503418,0.50980395,2267.75,982.0,False,50.16198751955346,-114.17537886697191,,-1,,
Act 1 (585),ensemble_585,60,7,7.0,0.8916899987629482,0.8856209,2313.0,1017.0,False,49.83918666200383,-113.5445057476552,,-1,,
Act 1 (585),ensemble_585,62,6,6.0,0.9945533573627472,0.98366016,2320.5,937.5,False,49.64801121298217,-114.66732672592197,,-1,,
Act 1 (585),ensemble_585,5,6,6.0,0.9226579666137695,0.92156863,1795.5,713.6666666666666,False,53.6059000370363,-119.74497766979184,,-1,,
Act 1 (585),ensemble_585,59,6,6.0,0.9019607901573181,0.8888889,2312.5,1012.1666666666666,False,49.83578257355019,-113.61558288574604,,-1,,
Act 1 (585),ensemble_585,6,5,5.0,0.9254902124404907,0.92156863,1798.8,703.8,False,53.55722306171295,-119.88252273290989,,-1,,
Act 1 (585),ensemble_585,1,5,5.0,0.9248366117477417,0.92156863,1777.0,707.8,False,53.74778952923921,-119.90716759674307,,-1,,
Act 1 (585),ensemble_585,20,5,5.0,0.7372549295425415,0.71895427,1999.4,882.4,False,52.23571868916368,-116.46051994354566,,-1,,
Act 1 (585),ensemble_585,33,5,5.0,0.7117647171020508,0.6993465,2215.2,980.2,False,50.59881590366023,-114.35071147443323,,-1,,
Act 1 (585),ensemble_585,18,4,4.0,0.9967319965362549,0.996732,1951.5,774.0,False,52.42849037170549,-118.24926957894533,,-1,,
Act 1 (585),ensemble_585,43,4,4.0,0.9967319965362549,0.996732,2250.0,946.5,False,50.251867561956054,-114.74078089239487,,-1,,
Act 1 (585),ensemble_585,11,4,4.0,0.937091514468193,0.9281046,1833.0,729.25,False,53.3258416430932,-119.36284849564291,,-1,,
Act 1 (585),ensemble_585,50,4,4.0,0.6781045645475388,0.53267974,2273.75,978.5,False,50.106111305728106,-114.20919240418147,,-1,,
Act 1 (585),ensemble_585,12,3,3.0,0.9281045993169149,0.92156863,1837.0,729.0,False,53.29192713069307,-119.35136657559461,,-1,,
Act 1 (585),ensemble_585,3,3,3.0,0.9270152648289999,0.92483664,1789.0,714.6666666666666,False,53.66231028158619,-119.75510601874755,,-1,,
Act 1 (585),ensemble_585,65,3,3.0,0.9117647012074789,0.9052288,2335.3333333333335,1014.3333333333334,False,49.648121857064844,-113.52273249942232,,-1,,
Act 1 (585),ensemble_585,57,3,3.0,0.9019608100255331,0.89542484,2307.0,1012.0,False,49.88154895235521,-113.6329151301357,,-1,,
Act 1 (585),ensemble_585,58,3,3.0,0.8943355083465576,0.89215684,2307.0,1017.0,False,49.88940757828946,-113.560726257891,,-1,,
Act 1 (585),ensemble_585,54,3,3.0,0.8845315972963969,0.875817,2287.6666666666665,1014.3333333333334,False,50.047057862313174,-113.65180761061828,,-1,,
Act 1 (585),ensemble_585,48,3,3.0,0.7712418437004089,0.70261437,2273.0,988.0,False,50.127781492500915,-114.07370886335941,,-1,,
Act 1 (585),ensemble_585,47,2,2.0,0.9967319965362549,0.996732,2269.5,946.0,False,50.088084352454466,-114.6915396953161,,-1,,
Act 1 (585),ensemble_585,4,2,2.0,0.9281046092510223,0.92483664,1794.5,703.0,False,53.59138445773045,-119.9116001709472,,-1,,
Act 1 (585),ensemble_585,2,2,2.0,0.9248366355895996,0.92483664,1785.5,713.5,False,53.68904244596154,-119.78662847308637,,-1,,
Act 1 (585),ensemble_585,9,2,2.0,0.9215686321258545,0.92156863,1822.0,710.5,False,53.37798870172583,-119.69008160263743,,-1,,
Act 1 (585),ensemble_585,10,2,2.0,0.9183006286621094,0.9183006,1824.5,712.5,False,53.36138730868326,-119.65000953593015,,-1,,
Act 1 (585),ensemble_585,34,2,2.0,0.7303921282291412,0.72875816,2214.5,986.5,False,50.6149908599039,-114.26067622156833,,-1,,
Act 1 (585),ensemble_585,22,2,2.0,0.7156863212585449,0.7124183,2005.0,855.5,False,52.13901428963804,-116.84460228186468,,-1,,
Act 1 (585),ensemble_585,17,1,1.0,0.9967319965362549,0.996732,1947.0,778.0,False,52.474015191466,-118.20543548578186,,-1,,
Act 1 (585),ensemble_585,23,1,1.0,0.9967319965362549,0.996732,2009.0,826.0,False,52.049887955150915,-117.27147638979032,,-1,,
Act 1 (585),ensemble_585,26,1,1.0,0.9967319965362549,0.996732,2031.0,838.0,False,51.88885179401832,-117.01850533164298,,-1,,
Act 1 (585),ensemble_585,27,1,1.0,0.9967319965362549,0.996732,2042.0,838.0,False,51.79697138581606,-116.98169331675147,,-1,,
Act 1 (585),ensemble_585,30,1,1.0,0.9967319965362549,0.996732,2095.0,873.0,False,51.41889045450063,-116.28989115431382,,-1,,
Act 1 (585),ensemble_585,31,1,1.0,0.9967319965362549,0.996732,2149.0,902.0,False,51.01952071092156,-115.69279946558329,,-1,,
Act 1 (585),ensemble_585,32,1,1.0,0.9967319965362549,0.996732,2171.0,905.0,False,50.840954810160625,-115.58108261253312,,-1,,
Act 1 (585),ensemble_585,35,1,1.0,0.9967319965362549,0.996732,2222.0,940.0,False,50.47496411831962,-114.91708284129236,,-1,,
Act 1 (585),ensemble_585,40,1,1.0,0.9967319965362549,0.996732,2239.0,946.0,False,50.342968655401236,-114.78004696735056,,-1,,
Act 1 (585),ensemble_585,41,1,1.0,0.9967319965362549,0.996732,2245.0,946.0,False,50.29281868067694,-114.76257040223462,,-1,,
Act 1 (585),ensemble_585,42,1,1.0,0.9967319965362549,0.996732,2247.0,946.0,False,50.27610299510288,-114.75675201199127,,-1,,
Act 1 (585),ensemble_585,44,1,1.0,0.9967319965362549,0.996732,2261.0,945.0,False,50.15743446458034,-114.73059916169079,,-1,,
Act 1 (585),ensemble_585,45,1,1.0,0.9967319965362549,0.996732,2266.0,945.0,False,50.115657092287535,-114.71612019137417,,-1,,
Act 1 (585),ensemble_585,49,1,1.0,0.9967319965362549,0.996732,2273.0,948.0,False,50.06217589578165,-114.6525312241825,,-1,,
Act 1 (585),ensemble_585,64,1,1.0,0.9967319965362549,0.996732,2331.0,934.0,False,49.55454639524798,-114.68744977378263,,-1,,
Act 1 (585),ensemble_585,66,1,1.0,0.9967319965362549,0.996732,2354.0,940.0,False,49.37257446521454,-114.53625426359548,,-1,,
Act 1 (585),ensemble_585,67,1,1.0,0.9967319965362549,0.996732,2395.0,962.0,False,49.06633716466588,-114.10858912479101,,-1,,
Act 1 (585),ensemble_585,19,1,1.0,0.9771242141723633,0.9771242,1990.0,806.0,False,52.17010134206447,-117.6350895334778,,-1,,
Act 1 (585),ensemble_585,25,1,1.0,0.9673202633857727,0.96732026,2014.0,866.0,False,52.08326832252765,-116.65778266704186,,-1,,
Act 1 (585),ensemble_585,29,1,1.0,0.9607842564582825,0.96078426,2045.0,858.0,False,51.809222369834735,-116.6746615071228,,-1,,
Act 1 (585),ensemble_585,24,1,1.0,0.9575163722038269,0.9575164,2011.0,865.0,False,52.106513202683274,-116.68265531581166,,-1,,
Act 1 (585),ensemble_585,15,1,1.0,0.9379084706306458,0.9379085,1908.0,773.0,False,52.789593958718385,-118.42121218860908,,-1,,
Act 1 (585),ensemble_585,7,1,1.0,0.9281045794487,0.9281046,1808.0,707.0,False,53.4873195095863,-119.79778396067287,,-1,,
Act 1 (585),ensemble_585,8,1,1.0,0.9248366355895996,0.92483664,1810.0,707.0,False,53.47063269395308,-119.78997915274238,,-1,,
Act 1 (585),ensemble_585,16,1,1.0,0.9248366355895996,0.92483664,1942.0,775.0,False,52.509761198501906,-118.26834379381452,,-1,,
Act 1 (585),ensemble_585,14,1,1.0,0.9183006286621094,0.9183006,1887.0,764.0,False,52.94676397408108,-118.63382039388037,,-1,,
Act 1 (585),ensemble_585,51,1,1.0,0.8888888955116272,0.8888889,2273.0,1015.0,False,50.17091489788873,-113.68222841046082,,-1,,
Act 1 (585),ensemble_585,28,1,1.0,0.7679738402366638,0.76797384,2045.0,853.0,False,51.79994455163254,-116.74895396616185,,-1,,
Act 1 (585),ensemble_585,36,1,1.0,0.7450980544090271,0.74509805,2225.0,971.0,False,50.50165348067488,-114.45683136470812,,-1,,
Act 1 (585),ensemble_585,21,1,1.0,0.741830050945282,0.74183005,2004.0,858.0,False,52.15204845821092,-116.81056575165658,,-1,,
Act 1 (585),ensemble_585,38,1,1.0,0.7058823704719543,0.7058824,2233.0,976.0,False,50.442938538712546,-114.36106113728644,,-1,,
Act 1 (585),ensemble_585,37,1,1.0,0.7026143670082092,0.70261437,2226.0,969.0,False,50.489983723022206,-114.4831032510407,,-1,,
Act 1 (245),ensemble_245,13,412,412.0,0.9013262220807554,0.009803922,1862.7985436893205,888.8300970873786,True,53.39351332491338,-116.82089508643685,NE of Whitehorse Wildland (53.4°N 116.8°W),6,,
Act 1 (245),ensemble_245,37,233,233.0,0.7043114895472711,0.4705883,2250.678111587983,984.9098712446352,True,50.30955415420527,-114.18124959784983,S of Oh Ranch (50.3°N 114.2°W),3,,
Act 1 (245),ensemble_245,61,214,214.0,0.9067405783962981,0.2385621,2331.892523364486,1007.7336448598131,True,49.66655260482715,-113.62690606861209,SE of Black Creek Wildland Park (49.7°N 113.6°W),1,,
Act 1 (245),ensemble_245,53,96,96.0,0.8823188997533483,0.026143791,2289.21875,1011.90625,True,50.03023322736385,-113.6827058468733,E of Black Creek Wildland Park (50.0°N 113.7°W),2,,
Act 1 (245),ensemble_245,52,29,29.0,0.957290935105291,0.3529412,2285.655172413793,945.0,True,49.95145660782126,-114.65941635621174,S of Don Getty Wildland (50.0°N 114.7°W),4,,
Act 1 (245),ensemble_245,63,15,15.0,0.8906317859888077,0.16013072,2325.4666666666667,932.9333333333333,True,49.598943789225714,-114.71857347024581,NW of Castle Provincial Park (49.6°N 114.7°W),5,,
Act 1 (245),ensemble_245,56,9,9.0,0.9967319965362549,0.996732,2311.0,941.4444444444445,False,49.73388270542637,-114.63788685398632,,-1,,
Act 1 (245),ensemble_245,55,9,9.0,0.8972403738233778,0.89215684,2302.222222222222,1011.5555555555555,False,49.92083555922886,-113.65232368682238,,-1,,
Act 1 (245),ensemble_245,60,7,7.0,0.8935574207987104,0.8888889,2313.0,1017.0,False,49.83918666200383,-113.5445057476552,,-1,,
Act 1 (245),ensemble_245,62,6,6.0,0.9945533573627472,0.98366016,2320.5,937.5,False,49.64801121298217,-114.66732672592197,,-1,,
Act 1 (245),ensemble_245,5,6,6.0,0.9232026239236196,0.92156863,1795.5,713.6666666666666,False,53.6059000370363,-119.74497766979184,,-1,,
Act 1 (245),ensemble_245,59,6,6.0,0.9019607901573181,0.8888889,2312.5,1012.1666666666666,False,49.83578257355019,-113.61558288574604,,-1,,
Act 1 (245),ensemble_245,6,5,5.0,0.9267974138259888,0.92156863,1798.8,703.8,False,53.55722306171295,-119.88252273290989,,-1,,
Act 1 (245),ensemble_245,1,5,5.0,0.9248366117477417,0.92156863,1777.0,707.8,False,53.74778952923921,-119.90716759674307,,-1,,
Act 1 (245),ensemble_245,20,5,5.0,0.7607843160629273,0.7156863,1999.4,882.4,False,52.23571868916368,-116.46051994354566,,-1,,
Act 1 (245),ensemble_245,18,4,4.0,0.9967319965362549,0.996732,1951.5,774.0,False,52.42849037170549,-118.24926957894533,,-1,,
Act 1 (245),ensemble_245,41,4,4.0,0.9967319965362549,0.996732,2250.0,946.5,False,50.251867561956054,-114.74078089239487,,-1,,
Act 1 (245),ensemble_245,11,4,4.0,0.9387255162000656,0.9313726,1833.0,729.25,False,53.3258416430932,-119.36284849564291,,-1,,
Act 1 (245),ensemble_245,12,3,3.0,0.93137260278066,0.92483664,1837.0,729.0,False,53.29192713069307,-119.35136657559461,,-1,,
Act 1 (245),ensemble_245,3,3,3.0,0.93028324842453,0.9281046,1789.0,714.6666666666666,False,53.66231028158619,-119.75510601874755,,-1,,
Act 1 (245),ensemble_245,65,3,3.0,0.9117647012074789,0.9052288,2335.3333333333335,1014.3333333333334,False,49.648121857064844,-113.52273249942232,,-1,,
Act 1 (245),ensemble_245,57,3,3.0,0.9041393995285034,0.89542484,2307.0,1012.0,False,49.88154895235521,-113.6329151301357,,-1,,
Act 1 (245),ensemble_245,58,3,3.0,0.8965141773223877,0.89542484,2307.0,1017.0,False,49.88940757828946,-113.560726257891,,-1,,
Act 1 (245),ensemble_245,54,3,3.0,0.8845315972963969,0.875817,2287.6666666666665,1014.3333333333334,False,50.047057862313174,-113.65180761061828,,-1,,
Act 1 (245),ensemble_245,47,3,3.0,0.7549019654591879,0.6830065,2273.0,988.0,False,50.127781492500915,-114.07370886335941,,-1,,
Act 1 (245),ensemble_245,46,2,2.0,0.9967319965362549,0.996732,2269.5,946.0,False,50.088084352454466,-114.6915396953161,,-1,,
Act 1 (245),ensemble_245,4,2,2.0,0.9281046092510223,0.92483664,1794.5,703.0,False,53.59138445773045,-119.9116001709472,,-1,,
Act 1 (245),ensemble_245,2,2,2.0,0.9248366355895996,0.92483664,1785.5,713.5,False,53.68904244596154,-119.78662847308637,,-1,,
Act 1 (245),ensemble_245,9,2,2.0,0.9215686321258545,0.92156863,1822.0,710.5,False,53.37798870172583,-119.69008160263743,,-1,,
Act 1 (245),ensemble_245,10,2,2.0,0.9215686321258545,0.92156863,1824.5,712.5,False,53.36138730868326,-119.65000953593015,,-1,,
Act 1 (245),ensemble_245,45,2,2.0,0.7369280755519867,0.7058823,2267.5,980.0,False,50.160828552302014,-114.20506931059529,,-1,,
Act 1 (245),ensemble_245,22,2,2.0,0.7124183177947998,0.7091503,2005.0,855.5,False,52.13901428963804,-116.84460228186468,,-1,,
Act 1 (245),ensemble_245,33,2,2.0,0.7091503143310547,0.70261437,2214.5,986.5,False,50.6149908599039,-114.26067622156833,,-1,,
Act 1 (245),ensemble_245,17,1,1.0,0.9967319965362549,0.996732,1947.0,778.0,False,52.474015191466,-118.20543548578186,,-1,,
Act 1 (245),ensemble_245,23,1,1.0,0.9967319965362549,0.996732,2009.0,826.0,False,52.049887955150915,-117.27147638979032,,-1,,
Act 1 (245),ensemble_245,26,1,1.0,0.9967319965362549,0.996732,2031.0,838.0,False,51.88885179401832,-117.01850533164298,,-1,,
Act 1 (245),ensemble_245,27,1,1.0,0.9967319965362549,0.996732,2042.0,838.0,False,51.79697138581606,-116.98169331675147,,-1,,
Act 1 (245),ensemble_245,30,1,1.0,0.9967319965362549,0.996732,2095.0,873.0,False,51.41889045450063,-116.28989115431382,,-1,,
Act 1 (245),ensemble_245,31,1,1.0,0.9967319965362549,0.996732,2149.0,902.0,False,51.01952071092156,-115.69279946558329,,-1,,
Act 1 (245),ensemble_245,32,1,1.0,0.9967319965362549,0.996732,2171.0,905.0,False,50.840954810160625,-115.58108261253312,,-1,,
Act 1 (245),ensemble_245,35,1,1.0,0.9967319965362549,0.996732,2222.0,940.0,False,50.47496411831962,-114.91708284129236,,-1,,
Act 1 (245),ensemble_245,38,1,1.0,0.9967319965362549,0.996732,2239.0,946.0,False,50.342968655401236,-114.78004696735056,,-1,,
Act 1 (245),ensemble_245,39,1,1.0,0.9967319965362549,0.996732,2245.0,946.0,False,50.29281868067694,-114.76257040223462,,-1,,
Act 1 (245),ensemble_245,40,1,1.0,0.9967319965362549,0.996732,2247.0,946.0,False,50.27610299510288,-114.75675201199127,,-1,,
Act 1 (245),ensemble_245,43,1,1.0,0.9967319965362549,0.996732,2261.0,945.0,False,50.15743446458034,-114.73059916169079,,-1,,
Act 1 (245),ensemble_245,44,1,1.0,0.9967319965362549,0.996732,2266.0,945.0,False,50.115657092287535,-114.71612019137417,,-1,,
Act 1 (245),ensemble_245,48,1,1.0,0.9967319965362549,0.996732,2273.0,948.0,False,50.06217589578165,-114.6525312241825,,-1,,
Act 1 (245),ensemble_245,64,1,1.0,0.9967319965362549,0.996732,2331.0,934.0,False,49.55454639524798,-114.68744977378263,,-1,,
Act 1 (245),ensemble_245,66,1,1.0,0.9967319965362549,0.996732,2354.0,940.0,False,49.37257446521454,-114.53625426359548,,-1,,
Act 1 (245),ensemble_245,67,1,1.0,0.9967319965362549,0.996732,2395.0,962.0,False,49.06633716466588,-114.10858912479101,,-1,,
Act 1 (245),ensemble_245,19,1,1.0,0.9803921580314636,0.98039216,1990.0,806.0,False,52.17010134206447,-117.6350895334778,,-1,,
Act 1 (245),ensemble_245,25,1,1.0,0.9640522599220276,0.96405226,2014.0,866.0,False,52.08326832252765,-116.65778266704186,,-1,,
Act 1 (245),ensemble_245,29,1,1.0,0.9640522599220276,0.96405226,2045.0,858.0,False,51.809222369834735,-116.6746615071228,,-1,,
Act 1 (245),ensemble_245,24,1,1.0,0.9607842564582825,0.96078426,2011.0,865.0,False,52.106513202683274,-116.68265531581166,,-1,,
Act 1 (245),ensemble_245,15,1,1.0,0.9346405863761902,0.9346406,1908.0,773.0,False,52.789593958718385,-118.42121218860908,,-1,,
Act 1 (245),ensemble_245,16,1,1.0,0.9313725829124451,0.9313726,1942.0,775.0,False,52.509761198501906,-118.26834379381452,,-1,,
Act 1 (245),ensemble_245,7,1,1.0,0.9281045794487,0.9281046,1808.0,707.0,False,53.4873195095863,-119.79778396067287,,-1,,
Act 1 (245),ensemble_245,8,1,1.0,0.9248366355895996,0.92483664,1810.0,707.0,False,53.47063269395308,-119.78997915274238,,-1,,
Act 1 (245),ensemble_245,14,1,1.0,0.9183006286621094,0.9183006,1887.0,764.0,False,52.94676397408108,-118.63382039388037,,-1,,
Act 1 (245),ensemble_245,50,1,1.0,0.8888888955116272,0.8888889,2273.0,1015.0,False,50.17091489788873,-113.68222841046082,,-1,,
Act 1 (245),ensemble_245,28,1,1.0,0.7973856925964355,0.7973857,2045.0,853.0,False,51.79994455163254,-116.74895396616185,,-1,,
Act 1 (245),ensemble_245,21,1,1.0,0.7254902720451355,0.7254903,2004.0,858.0,False,52.15204845821092,-116.81056575165658,,-1,,
Act 1 (245),ensemble_245,49,1,1.0,0.725490152835846,0.72549015,2273.0,980.0,False,50.11482297889184,-114.18958395610227,,-1,,
Act 1 (245),ensemble_245,36,1,1.0,0.7156863212585449,0.7156863,2225.0,971.0,False,50.50165348067488,-114.45683136470812,,-1,,
Act 1 (245),ensemble_245,42,1,1.0,0.7124183177947998,0.7124183,2255.0,976.0,False,50.258870186255514,-114.29843085706973,,-1,,
Act 1 (245),ensemble_245,51,1,1.0,0.7091503739356995,0.7091504,2274.0,977.0,False,50.10157913642955,-114.2302038446149,,-1,,
Act 1 (245),ensemble_245,34,1,1.0,0.7058823704719543,0.7058824,2216.0,980.0,False,50.59179040376292,-114.35134198396572,,-1,,
