number,name,act,n_components,driving_label,driving,area_km2,mean_guarded_F,min_guarded_F,pct_core habitat,pct_connectivity,pct_biodiversity,pct_carbon,pct_representativeness,pct_intactness,efg_classes_present,driver_m_soc theta-tail,driver_connectivity spike (top 0.2%),driver_refugia densest (area-matched to the m_soc tail),driver_rare-attainable EFG footprint,driver_rarest-EFG footprint (<= 1% of PU each),mean_lat,pct_within_5km_of_PA,pct_in_NFZ,pct_in_SRP_area,pct_private_ranchland,pct_crown,n_formulations_frequent
1,NE of Whitehorse Wildland (53.4°N 116.8°W),Act 1,1,all formulations,all formulations,412.0,0.9012905955314636,0.009803921915590763,0.36617961525917053,0.32450956106185913,0.7390750646591187,0.5658743977546692,0.6031137108802795,0.2796202003955841,8,0.0,0.0,0.0,99.51456310679612,99.27184466019418,53.39350128173828,0.0,0.0,0.0,0.0,100.0,10
2,S of Oh Ranch (50.3°N 114.2°W),Act 1,1,all formulations,all formulations,275.0,0.7105288505554199,0.48366013169288635,0.6672002673149109,0.8027563691139221,0.22694022953510284,0.13983401656150818,0.9950401782989502,0.3016844689846039,13,0.0,0.0,0.0,100.0,0.0,50.306434631347656,6.545454545454546,0.0,0.0,57.45454545454546,42.18181818181818,10
3,SE of Black Creek Wildland Park (49.7°N 113.6°W),Act 1,1,all formulations,all formulations,214.0,0.9062137603759766,0.23202615976333618,0.0681442990899086,0.4289509654045105,0.09231602400541306,0.21375446021556854,0.9416632056236267,0.08330602198839188,12,0.0,0.0,0.0,100.0,99.06542056074767,49.66654586791992,0.0,0.0,0.0,69.1588785046729,4.205607476635514,10
4,E of Black Creek Wildland Park (50.0°N 113.7°W),Act 1,1,all formulations,all formulations,96.0,0.8820295333862305,0.02450980432331562,0.07863716781139374,0.3113354444503784,0.16308240592479706,0.15511544048786163,0.9830362200737,0.02674427069723606,11,0.0,0.0,0.0,100.0,97.91666666666666,50.03023147583008,0.0,0.0,0.0,46.875,5.208333333333334,10
5,S of Don Getty Wildland (50.0°N 114.7°W),Act 1,1,all formulations,all formulations,29.0,0.9509241580963135,0.2647058963775635,0.9580091238021851,0.4774128794670105,0.27764439582824707,0.805985689163208,0.7105549573898315,0.6656824350357056,9,31.03448275862069,0.0,0.0,96.55172413793103,93.10344827586206,49.95145797729492,0.0,0.0,0.0,0.0,100.0,12
6,NW of Castle Provincial Park (49.6°N 114.7°W),Act 1,1,all formulations,all formulations,15.0,0.8920478820800781,0.17156864702701569,0.9158925414085388,0.5461999177932739,0.9281952977180481,0.5816826224327087,0.862049400806427,0.17518121004104614,9,0.0,0.0,0.0,93.33333333333333,86.66666666666667,49.598941802978516,100.0,0.0,0.0,0.0,100.0,12
245-1,NE of Whitehorse Wildland (53.4°N 116.8°W),Act 1 (245),1,all formulations,all formulations,412.0,0.9012905955314636,0.009803921915590763,0.36617961525917053,0.32450956106185913,0.7390750646591187,0.5658743977546692,0.6031137108802795,0.2796202003955841,8,0.0,0.0,0.0,99.51456310679612,99.27184466019418,53.39350128173828,0.0,0.0,0.0,0.0,100.0,10
245-2,S of Oh Ranch (50.3°N 114.2°W),Act 1 (245),1,all formulations,all formulations,233.0,0.7182459831237793,0.48366013169288635,0.6648775935173035,0.8070886731147766,0.22862125933170319,0.13679473102092743,0.9961649179458618,0.2974057197570801,13,0.0,0.0,0.0,100.0,0.0,50.309532165527344,7.296137339055794,0.0,0.0,58.798283261802574,40.772532188841204,10
245-3,SE of Black Creek Wildland Park (49.7°N 113.6°W),Act 1 (245),1,all formulations,all formulations,214.0,0.9062137603759766,0.23202615976333618,0.0681442990899086,0.4289509654045105,0.09231602400541306,0.21375446021556854,0.9416632056236267,0.08330602198839188,12,0.0,0.0,0.0,100.0,99.06542056074767,49.66654586791992,0.0,0.0,0.0,69.1588785046729,4.205607476635514,10
245-4,E of Black Creek Wildland Park (50.0°N 113.7°W),Act 1 (245),1,all formulations,all formulations,96.0,0.8820295333862305,0.02450980432331562,0.07863716781139374,0.3113354444503784,0.16308240592479706,0.15511544048786163,0.9830362200737,0.02674427069723606,11,0.0,0.0,0.0,100.0,97.91666666666666,50.03023147583008,0.0,0.0,0.0,46.875,5.208333333333334,10
245-5,S of Don Getty Wildland (50.0°N 114.7°W),Act 1 (245),1,all formulations,all formulations,29.0,0.9509241580963135,0.2647058963775635,0.9580091238021851,0.4774128794670105,0.27764439582824707,0.805985689163208,0.7105549573898315,0.6656824350357056,9,31.03448275862069,0.0,0.0,96.55172413793103,93.10344827586206,49.95145797729492,0.0,0.0,0.0,0.0,100.0,12
245-6,NW of Castle Provincial Park (49.6°N 114.7°W),Act 1 (245),1,all formulations,all formulations,15.0,0.8920478820800781,0.17156864702701569,0.9158925414085388,0.5461999177932739,0.9281952977180481,0.5816826224327087,0.862049400806427,0.17518121004104614,9,0.0,0.0,0.0,93.33333333333333,86.66666666666667,49.598941802978516,100.0,0.0,0.0,0.0,100.0,12
585-1,NE of Whitehorse Wildland (53.4°N 116.8°W),Act 1 (585),1,all formulations,all formulations,412.0,0.9012905955314636,0.009803921915590763,0.36617961525917053,0.32450956106185913,0.7390750646591187,0.5658743977546692,0.6031137108802795,0.2796202003955841,8,0.0,0.0,0.0,99.51456310679612,99.27184466019418,53.39350128173828,0.0,0.0,0.0,0.0,100.0,10
585-2,S of Oh Ranch (50.3°N 114.2°W),Act 1 (585),1,all formulations,all formulations,310.0,0.7020134925842285,0.4019608199596405,0.665879487991333,0.7936092019081116,0.22069044411182404,0.13764971494674683,0.9948517084121704,0.2970041036605835,13,0.0,0.0,0.0,100.0,0.0,50.30373001098633,7.741935483870968,0.0,0.0,57.74193548387097,41.935483870967744,10
585-3,SE of Black Creek Wildland Park (49.7°N 113.6°W),Act 1 (585),1,all formulations,all formulations,214.0,0.9062137603759766,0.23202615976333618,0.0681442990899086,0.4289509654045105,0.09231602400541306,0.21375446021556854,0.9416632056236267,0.08330602198839188,12,0.0,0.0,0.0,100.0,99.06542056074767,49.66654586791992,0.0,0.0,0.0,69.1588785046729,4.205607476635514,10
585-4,E of Black Creek Wildland Park (50.0°N 113.7°W),Act 1 (585),1,all formulations,all formulations,96.0,0.8820295333862305,0.02450980432331562,0.07863716781139374,0.3113354444503784,0.16308240592479706,0.15511544048786163,0.9830362200737,0.02674427069723606,11,0.0,0.0,0.0,100.0,97.91666666666666,50.03023147583008,0.0,0.0,0.0,46.875,5.208333333333334,10
585-5,S of Don Getty Wildland (50.0°N 114.7°W),Act 1 (585),1,all formulations,all formulations,29.0,0.9509241580963135,0.2647058963775635,0.9580091238021851,0.4774128794670105,0.27764439582824707,0.805985689163208,0.7105549573898315,0.6656824350357056,9,31.03448275862069,0.0,0.0,96.55172413793103,93.10344827586206,49.95145797729492,0.0,0.0,0.0,0.0,100.0,12
585-6,NW of Castle Provincial Park (49.6°N 114.7°W),Act 1 (585),1,all formulations,all formulations,15.0,0.8920478820800781,0.17156864702701569,0.9158925414085388,0.5461999177932739,0.9281952977180481,0.5816826224327087,0.862049400806427,0.17518121004104614,9,0.0,0.0,0.0,93.33333333333333,86.66666666666667,49.598941802978516,100.0,0.0,0.0,0.0,100.0,12
9,S of Oh Ranch (50.3°N 114.2°W),Act 2,2,Connectivity-forward,s2,741.0,0.5860081911087036,0.1764705926179886,0.6773483157157898,0.7485827803611755,0.22861915826797485,0.15581461787223816,0.9665708541870117,0.31141892075538635,14,0.0,0.0,0.0,99.86504723346829,0.0,50.35392379760742,39.40620782726046,0.0,0.0,51.956815114709855,47.50337381916329,2
7,SE of Don Getty Wildland (50.3°N 114.2°W),Act 2,4,Core-habitat-forward,s1,367.0,0.6239737868309021,0.4019608199596405,0.6851298809051514,0.7500713467597961,0.2684849202632904,0.1573287397623062,0.9695512056350708,0.3602341115474701,13,0.0,0.0,0.0,100.0,0.0,50.29007339477539,18.80108991825613,0.0,0.0,44.6866485013624,55.04087193460491,4
12,S of Oh Ranch (50.3°N 114.2°W),Act 2,1,Carbon-forward,s4,147.0,0.6394224762916565,0.4019608199596405,0.6723053455352783,0.7662234902381897,0.19906149804592133,0.1401652842760086,0.9858531355857849,0.3005826473236084,12,0.0,0.0,0.0,100.0,0.0,50.30253601074219,10.884353741496598,0.0,0.0,50.34013605442177,49.65986394557823,5
11,S of Oh Ranch (50.3°N 114.2°W),Act 2,1,Biodiversity-forward,s3,133.0,0.6360509395599365,0.4019608199596405,0.6616092920303345,0.7441945672035217,0.17273247241973877,0.1344895362854004,0.9923383593559265,0.2700662314891815,12,0.0,0.0,0.0,100.0,0.0,50.2921028137207,8.270676691729323,0.0,0.0,57.89473684210527,42.10526315789473,5
13,E of Upper Smoky SRP planning area (54.7°N 118.5°W),Act 2,5,Carbon-forward,s4,116.0,0.5012395977973938,0.33986929059028625,0.1030345931649208,0.46097126603126526,0.6009640097618103,0.5105307102203369,0.8923582434654236,0.36834433674812317,9,0.0,0.0,0.0,100.0,0.0,54.70132827758789,0.0,0.0,54.310344827586206,0.0,100.0,1
,Upper Smoky SRP planning area vicinity (54.9°N 119.9°W),Act 2,2,Carbon-forward,s4,89.0,0.5425020456314087,0.4035947322845459,0.03491969406604767,0.6356275081634521,0.5166192650794983,0.6252164244651794,0.9533835649490356,0.4667205512523651,11,0.0,0.0,0.0,100.0,0.0,54.886966705322266,0.0,0.0,100.0,0.0,100.0,1
8,SE of White Goat (52.1°N 116.7°W),Act 2,1,Core-habitat-forward,s1,51.0,0.5094194412231445,0.18300653994083405,0.9975058436393738,0.8017494082450867,0.6666449904441833,0.6429114937782288,0.9595068097114563,0.9114291667938232,9,5.88235294117647,0.0,84.31372549019608,100.0,0.0,52.132808685302734,92.15686274509804,0.0,0.0,0.0,100.0,2
,NE of Oh Ranch (50.6°N 114.3°W),Act 2,1,Core-habitat-forward,s1,22.0,0.6331700086593628,0.3284313678741455,0.6348790526390076,0.6538802981376648,0.17219625413417816,0.14656248688697815,0.9917052984237671,0.1615954041481018,12,0.0,0.0,0.0,100.0,0.0,50.603946685791016,72.72727272727273,0.0,0.0,100.0,0.0,5
10,Upper Smoky SRP planning area vicinity (54.9°N 120.0°W),Act 2,1,Connectivity-forward,s2,16.0,0.5515727400779724,0.40522873401641846,0.015834659337997437,0.7504094839096069,0.5807970762252808,0.7079552412033081,0.9599595665931702,0.6072660684585571,9,0.0,0.0,0.0,100.0,0.0,54.88771438598633,0.0,0.0,100.0,0.0,100.0,0
,E of White Goat (52.3°N 116.4°W),Act 2,1,Connectivity-forward,s2,14.0,0.5808824300765991,0.48366013169288635,0.9316142797470093,0.7406110763549805,0.5904531478881836,0.6922764182090759,0.7142257690429688,0.8683505058288574,9,7.142857142857142,100.0,0.0,100.0,0.0,52.263648986816406,42.857142857142854,0.0,0.0,0.0,100.0,2
,N of Upper Smoky SRP planning area (55.3°N 120.0°W),Act 2,1,Carbon-forward,s4,14.0,0.5520541667938232,0.4673202931880951,0.0025904274079948664,0.5913547277450562,0.3536052703857422,0.45610183477401733,0.9753603339195251,0.3090856373310089,10,0.0,0.0,0.0,100.0,0.0,55.3173942565918,0.0,0.0,0.0,0.0,78.57142857142857,2
,SE of Jasper National Park Of Canada (52.4°N 117.0°W),Act 2,1,Core-habitat-forward,s1,13.0,0.5248869061470032,0.46568629145622253,0.9981657266616821,0.9146836400032043,0.7813140153884888,0.5828624367713928,0.9673823118209839,0.9492863416671753,10,0.0,0.0,100.0,100.0,0.0,52.39384078979492,100.0,0.0,0.0,0.0,84.61538461538461,2
,N of Upper Smoky SRP planning area (55.0°N 119.4°W),Act 2,1,Carbon-forward,s4,13.0,0.4675716757774353,0.44117650389671326,0.04766293987631798,0.39519745111465454,0.4195767045021057,0.9668233394622803,0.8167807459831238,0.49534714221954346,6,0.0,0.0,0.0,100.0,0.0,54.951595306396484,0.0,0.0,7.6923076923076925,0.0,15.384615384615385,2
,SE of Whitehorse Wildland (52.9°N 117.2°W),Act 2,1,Connectivity-forward,s2,12.0,0.5607298612594604,0.4526143968105316,0.9464888572692871,0.9837183952331543,0.7190107703208923,0.5936258435249329,0.9353711009025574,0.8615416884422302,8,0.0,33.33333333333333,0.0,100.0,0.0,52.868621826171875,100.0,0.0,0.0,0.0,100.0,2
,S of White Goat (52.1°N 116.8°W),Act 2,1,Connectivity-forward,s2,10.0,0.6370915174484253,0.5882352590560913,0.9994209408760071,0.9674087762832642,0.8727716207504272,0.6992660760879517,0.9543342590332031,0.9436818957328796,9,0.0,0.0,100.0,100.0,0.0,52.145545959472656,100.0,0.0,0.0,0.0,100.0,4
