,s0_ssp585_theta5,s1_ssp585_theta5,s2_ssp585_theta5,s3_ssp585_theta5,s4_ssp585_theta3,s5_ssp585_theta5,s0_ssp245_theta5,s1_ssp245_theta5,s2_ssp245_theta5,s3_ssp245_theta5,s4_ssp245_theta3,s5_ssp245_theta5,s1x_ssp585_theta3,s3x_ssp585_theta3
s0_ssp585_theta5,0.0,0.00781,0.00701,0.00622,0.07264,0.00326,0.00881,0.02612,0.01115,0.01155,0.08213,0.00673,0.01045,0.00635
s1_ssp585_theta5,0.00502,0.0,0.01532,0.01628,0.08012,0.00425,0.01771,0.02615,0.02193,0.0237,0.09316,0.00948,0.00281,0.01624
s2_ssp585_theta5,0.00962,0.02894,-1e-05,0.02111,0.08272,0.00525,0.01977,0.05118,0.00461,0.02724,0.09342,0.0093,0.03112,0.02098
s3_ssp585_theta5,0.00657,0.02884,0.01689,-0.0,0.07884,0.00853,0.01053,0.0372,0.01806,0.00262,0.08396,0.00977,0.03103,0.00024
s4_ssp585_theta3,0.02241,0.03984,0.01877,0.03203,0.0,0.01151,0.03174,0.06002,0.02298,0.03771,0.00702,0.01515,0.0173,0.01418
s5_ssp585_theta5,0.00447,0.01163,0.00855,0.01357,0.07713,0.0,0.01444,0.03253,0.01335,0.01956,0.08766,0.00398,0.01418,0.01357
s0_ssp245_theta5,0.00576,0.02131,0.0123,0.00707,0.07803,0.00627,0.0,0.00704,0.00735,0.00487,0.07445,0.00304,0.02366,0.00719
s1_ssp245_theta5,0.0104,0.01594,0.02029,0.01505,0.08453,0.00702,0.00426,-1e-05,0.01516,0.01271,0.08066,0.00359,0.0184,0.01503
s2_ssp245_theta5,0.01425,0.03961,0.00383,0.02215,0.08732,0.00771,0.01086,0.03145,-1e-05,0.02128,0.08587,0.00553,0.04156,0.02201
s3_ssp245_theta5,0.01016,0.03586,0.01971,0.0019,0.08224,0.01014,0.00532,0.02445,0.01539,-1e-05,0.07948,0.00733,0.03789,0.00211
s4_ssp245_theta3,0.02738,0.05053,0.02353,0.03301,0.00518,0.01404,0.02309,0.04013,0.01925,0.03165,-0.0,0.01143,0.02775,0.01513
s5_ssp245_theta5,0.00942,0.02408,0.01364,0.01324,0.08181,0.00292,0.00441,0.01142,0.0091,0.01146,0.0789,0.0,0.02636,0.01325
s1x_ssp585_theta3,0.0122,0.00961,0.01826,0.02501,0.04162,0.00667,0.02495,0.03606,0.02481,0.03249,0.0533,0.01191,1e-05,0.01608
s3x_ssp585_theta3,0.00825,0.03049,0.0174,0.00254,0.06635,0.00906,0.01233,0.03912,0.01862,0.00523,0.07114,0.01035,0.02883,0.0
